Recensioni,Link,Oggi,RealTime
"4.0 (4,213)","https://www.google.it/maps/place/McDonald's+Dossobuono/@45.389607,10.9007287,17z/data=!4m6!3m5!1s0x4781e089d18461af:0x1eed8b83b934aa4c!8m2!3d45.389607!4d10.9033036!16s%2Fg%2F11cs39j4gr?entry=ttu&g_ep=EgoyMDI1MDQzMC4xIKXMDSoASAFQAw%3D%3D",2025-11-17 21:19:10,Less busy than usual
"4.0 (4,214)","https://www.google.it/maps/place/McDonald's+Dossobuono/@45.389607,10.9007287,17z/data=!4m6!3m5!1s0x4781e089d18461af:0x1eed8b83b934aa4c!8m2!3d45.389607!4d10.9033036!16s%2Fg%2F11cs39j4gr?entry=ttu&g_ep=EgoyMDI1MDQzMC4xIKXMDSoASAFQAw%3D%3D",2025-11-18 10:05:38,A little busy
"4.0 (4,214)","https://www.google.it/maps/place/McDonald's+Dossobuono/@45.389607,10.9007287,17z/data=!4m6!3m5!1s0x4781e089d18461af:0x1eed8b83b934aa4c!8m2!3d45.389607!4d10.9033036!16s%2Fg%2F11cs39j4gr?entry=ttu&g_ep=EgoyMDI1MDQzMC4xIKXMDSoASAFQAw%3D%3D",2025-11-18 10:20:04,A little busy
"4.0 (4,214)","https://www.google.it/maps/place/McDonald's+Dossobuono/@45.389607,10.9007287,17z/data=!4m6!3m5!1s0x4781e089d18461af:0x1eed8b83b934aa4c!8m2!3d45.389607!4d10.9033036!16s%2Fg%2F11cs39j4gr?entry=ttu&g_ep=EgoyMDI1MDQzMC4xIKXMDSoASAFQAw%3D%3D",2025-11-18 11:15:50,Less busy than usual
"4.0 (4,214)","https://www.google.it/maps/place/McDonald's+Dossobuono/@45.389607,10.9007287,17z/data=!4m6!3m5!1s0x4781e089d18461af:0x1eed8b83b934aa4c!8m2!3d45.389607!4d10.9033036!16s%2Fg%2F11cs39j4gr?entry=ttu&g_ep=EgoyMDI1MDQzMC4xIKXMDSoASAFQAw%3D%3D",2025-11-18 12:35:22,Not too busy
"4.0 (4,214)","https://www.google.it/maps/place/McDonald's+Dossobuono/@45.389607,10.9007287,17z/data=!4m6!3m5!1s0x4781e089d18461af:0x1eed8b83b934aa4c!8m2!3d45.389607!4d10.9033036!16s%2Fg%2F11cs39j4gr?entry=ttu&g_ep=EgoyMDI1MDQzMC4xIKXMDSoASAFQAw%3D%3D",2025-11-18 13:29:53,Busier than usual
"4.0 (4,214)","https://www.google.it/maps/place/McDonald's+Dossobuono/@45.389607,10.9007287,17z/data=!4m6!3m5!1s0x4781e089d18461af:0x1eed8b83b934aa4c!8m2!3d45.389607!4d10.9033036!16s%2Fg%2F11cs39j4gr?entry=ttu&g_ep=EgoyMDI1MDQzMC4xIKXMDSoASAFQAw%3D%3D",2025-11-18 14:16:47,A little busy
"4.0 (4,214)","https://www.google.it/maps/place/McDonald's+Dossobuono/@45.389607,10.9007287,17z/data=!4m6!3m5!1s0x4781e089d18461af:0x1eed8b83b934aa4c!8m2!3d45.389607!4d10.9033036!16s%2Fg%2F11cs39j4gr?entry=ttu&g_ep=EgoyMDI1MDQzMC4xIKXMDSoASAFQAw%3D%3D",2025-11-18 15:18:50,A little busy
"4.0 (4,214)","https://www.google.it/maps/place/McDonald's+Dossobuono/@45.389607,10.9007287,17z/data=!4m6!3m5!1s0x4781e089d18461af:0x1eed8b83b934aa4c!8m2!3d45.389607!4d10.9033036!16s%2Fg%2F11cs39j4gr?entry=ttu&g_ep=EgoyMDI1MDQzMC4xIKXMDSoASAFQAw%3D%3D",2025-11-18 16:22:47,Not too busy
"4.0 (4,214)","https://www.google.it/maps/place/McDonald's+Dossobuono/@45.389607,10.9007287,17z/data=!4m6!3m5!1s0x4781e089d18461af:0x1eed8b83b934aa4c!8m2!3d45.389607!4d10.9033036!16s%2Fg%2F11cs39j4gr?entry=ttu&g_ep=EgoyMDI1MDQzMC4xIKXMDSoASAFQAw%3D%3D",2025-11-18 17:16:33,A little busy
"4.0 (4,214)","https://www.google.it/maps/place/McDonald's+Dossobuono/@45.389607,10.9007287,17z/data=!4m6!3m5!1s0x4781e089d18461af:0x1eed8b83b934aa4c!8m2!3d45.389607!4d10.9033036!16s%2Fg%2F11cs39j4gr?entry=ttu&g_ep=EgoyMDI1MDQzMC4xIKXMDSoASAFQAw%3D%3D",2025-11-18 18:25:21,A little busy
"4.0 (4,214)","https://www.google.it/maps/place/McDonald's+Dossobuono/@45.389607,10.9007287,17z/data=!4m6!3m5!1s0x4781e089d18461af:0x1eed8b83b934aa4c!8m2!3d45.389607!4d10.9033036!16s%2Fg%2F11cs39j4gr?entry=ttu&g_ep=EgoyMDI1MDQzMC4xIKXMDSoASAFQAw%3D%3D",2025-11-18 19:14:33,A little busy
"4.0 (4,214)","https://www.google.it/maps/place/McDonald's+Dossobuono/@45.389607,10.9007287,17z/data=!4m6!3m5!1s0x4781e089d18461af:0x1eed8b83b934aa4c!8m2!3d45.389607!4d10.9033036!16s%2Fg%2F11cs39j4gr?entry=ttu&g_ep=EgoyMDI1MDQzMC4xIKXMDSoASAFQAw%3D%3D",2025-11-18 20:19:53,A little busy
"4.0 (4,214)","https://www.google.it/maps/place/McDonald's+Dossobuono/@45.389607,10.9007287,17z/data=!4m6!3m5!1s0x4781e089d18461af:0x1eed8b83b934aa4c!8m2!3d45.389607!4d10.9033036!16s%2Fg%2F11cs39j4gr?entry=ttu&g_ep=EgoyMDI1MDQzMC4xIKXMDSoASAFQAw%3D%3D",2025-11-18 21:48:38,Not too busy
"4.0 (4,214)","https://www.google.it/maps/place/McDonald's+Dossobuono/@45.389607,10.9007287,17z/data=!4m6!3m5!1s0x4781e089d18461af:0x1eed8b83b934aa4c!8m2!3d45.389607!4d10.9033036!16s%2Fg%2F11cs39j4gr?entry=ttu&g_ep=EgoyMDI1MDQzMC4xIKXMDSoASAFQAw%3D%3D",2025-11-18 22:16:42,Not busy
"4.0 (4,214)","https://www.google.it/maps/place/McDonald's+Dossobuono/@45.389607,10.9007287,17z/data=!4m6!3m5!1s0x4781e089d18461af:0x1eed8b83b934aa4c!8m2!3d45.389607!4d10.9033036!16s%2Fg%2F11cs39j4gr?entry=ttu&g_ep=EgoyMDI1MDQzMC4xIKXMDSoASAFQAw%3D%3D",2025-11-18 23:15:47,Busier than usual
"4.0 (4,214)","https://www.google.it/maps/place/McDonald's+Dossobuono/@45.389607,10.9007287,17z/data=!4m6!3m5!1s0x4781e089d18461af:0x1eed8b83b934aa4c!8m2!3d45.389607!4d10.9033036!16s%2Fg%2F11cs39j4gr?entry=ttu&g_ep=EgoyMDI1MDQzMC4xIKXMDSoASAFQAw%3D%3D",2025-11-19 07:17:01,Not too busy
"4.0 (4,214)","https://www.google.it/maps/place/McDonald's+Dossobuono/@45.389607,10.9007287,17z/data=!4m6!3m5!1s0x4781e089d18461af:0x1eed8b83b934aa4c!8m2!3d45.389607!4d10.9033036!16s%2Fg%2F11cs39j4gr?entry=ttu&g_ep=EgoyMDI1MDQzMC4xIKXMDSoASAFQAw%3D%3D",2025-11-19 08:23:16,Busier than usual
"4.0 (4,214)","https://www.google.it/maps/place/McDonald's+Dossobuono/@45.389607,10.9007287,17z/data=!4m6!3m5!1s0x4781e089d18461af:0x1eed8b83b934aa4c!8m2!3d45.389607!4d10.9033036!16s%2Fg%2F11cs39j4gr?entry=ttu&g_ep=EgoyMDI1MDQzMC4xIKXMDSoASAFQAw%3D%3D",2025-11-19 09:19:49,Not too busy
"4.0 (4,214)","https://www.google.it/maps/place/McDonald's+Dossobuono/@45.389607,10.9007287,17z/data=!4m6!3m5!1s0x4781e089d18461af:0x1eed8b83b934aa4c!8m2!3d45.389607!4d10.9033036!16s%2Fg%2F11cs39j4gr?entry=ttu&g_ep=EgoyMDI1MDQzMC4xIKXMDSoASAFQAw%3D%3D",2025-11-19 10:18:55,Not busy
"4.0 (4,214)","https://www.google.it/maps/place/McDonald's+Dossobuono/@45.389607,10.9007287,17z/data=!4m6!3m5!1s0x4781e089d18461af:0x1eed8b83b934aa4c!8m2!3d45.389607!4d10.9033036!16s%2Fg%2F11cs39j4gr?entry=ttu&g_ep=EgoyMDI1MDQzMC4xIKXMDSoASAFQAw%3D%3D",2025-11-19 11:14:46,Not too busy
"4.0 (4,214)","https://www.google.it/maps/place/McDonald's+Dossobuono/@45.389607,10.9007287,17z/data=!4m6!3m5!1s0x4781e089d18461af:0x1eed8b83b934aa4c!8m2!3d45.389607!4d10.9033036!16s%2Fg%2F11cs39j4gr?entry=ttu&g_ep=EgoyMDI1MDQzMC4xIKXMDSoASAFQAw%3D%3D",2025-11-19 12:36:09,Busier than usual
"4.0 (4,214)","https://www.google.it/maps/place/McDonald's+Dossobuono/@45.389607,10.9007287,17z/data=!4m6!3m5!1s0x4781e089d18461af:0x1eed8b83b934aa4c!8m2!3d45.389607!4d10.9033036!16s%2Fg%2F11cs39j4gr?entry=ttu&g_ep=EgoyMDI1MDQzMC4xIKXMDSoASAFQAw%3D%3D",2025-11-19 13:29:35,Busier than usual
"4.0 (4,214)","https://www.google.it/maps/place/McDonald's+Dossobuono/@45.389607,10.9007287,17z/data=!4m6!3m5!1s0x4781e089d18461af:0x1eed8b83b934aa4c!8m2!3d45.389607!4d10.9033036!16s%2Fg%2F11cs39j4gr?entry=ttu&g_ep=EgoyMDI1MDQzMC4xIKXMDSoASAFQAw%3D%3D",2025-11-19 14:17:12,Busier than usual
"4.0 (4,214)","https://www.google.it/maps/place/McDonald's+Dossobuono/@45.389607,10.9007287,17z/data=!4m6!3m5!1s0x4781e089d18461af:0x1eed8b83b934aa4c!8m2!3d45.389607!4d10.9033036!16s%2Fg%2F11cs39j4gr?entry=ttu&g_ep=EgoyMDI1MDQzMC4xIKXMDSoASAFQAw%3D%3D",2025-11-19 15:18:33,Not too busy
"4.0 (4,214)","https://www.google.it/maps/place/McDonald's+Dossobuono/@45.389607,10.9007287,17z/data=!4m6!3m5!1s0x4781e089d18461af:0x1eed8b83b934aa4c!8m2!3d45.389607!4d10.9033036!16s%2Fg%2F11cs39j4gr?entry=ttu&g_ep=EgoyMDI1MDQzMC4xIKXMDSoASAFQAw%3D%3D",2025-11-19 16:22:18,Not too busy
"4.0 (4,214)","https://www.google.it/maps/place/McDonald's+Dossobuono/@45.389607,10.9007287,17z/data=!4m6!3m5!1s0x4781e089d18461af:0x1eed8b83b934aa4c!8m2!3d45.389607!4d10.9033036!16s%2Fg%2F11cs39j4gr?entry=ttu&g_ep=EgoyMDI1MDQzMC4xIKXMDSoASAFQAw%3D%3D",2025-11-19 17:16:27,Not too busy
"4.0 (4,214)","https://www.google.it/maps/place/McDonald's+Dossobuono/@45.389607,10.9007287,17z/data=!4m6!3m5!1s0x4781e089d18461af:0x1eed8b83b934aa4c!8m2!3d45.389607!4d10.9033036!16s%2Fg%2F11cs39j4gr?entry=ttu&g_ep=EgoyMDI1MDQzMC4xIKXMDSoASAFQAw%3D%3D",2025-11-19 18:24:57,Less busy than usual
"4.0 (4,214)","https://www.google.it/maps/place/McDonald's+Dossobuono/@45.389607,10.9007287,17z/data=!4m6!3m5!1s0x4781e089d18461af:0x1eed8b83b934aa4c!8m2!3d45.389607!4d10.9033036!16s%2Fg%2F11cs39j4gr?entry=ttu&g_ep=EgoyMDI1MDQzMC4xIKXMDSoASAFQAw%3D%3D",2025-11-19 20:16:50,A little busy
"4.0 (4,214)","https://www.google.it/maps/place/McDonald's+Dossobuono/@45.389607,10.9007287,17z/data=!4m6!3m5!1s0x4781e089d18461af:0x1eed8b83b934aa4c!8m2!3d45.389607!4d10.9033036!16s%2Fg%2F11cs39j4gr?entry=ttu&g_ep=EgoyMDI1MDQzMC4xIKXMDSoASAFQAw%3D%3D",2025-11-19 21:13:13,Less busy than usual
"4.0 (4,214)","https://www.google.it/maps/place/McDonald's+Dossobuono/@45.389607,10.9007287,17z/data=!4m6!3m5!1s0x4781e089d18461af:0x1eed8b83b934aa4c!8m2!3d45.389607!4d10.9033036!16s%2Fg%2F11cs39j4gr?entry=ttu&g_ep=EgoyMDI1MDQzMC4xIKXMDSoASAFQAw%3D%3D",2025-11-19 22:16:01,A little busy
"4.0 (4,214)","https://www.google.it/maps/place/McDonald's+Dossobuono/@45.389607,10.9007287,17z/data=!4m6!3m5!1s0x4781e089d18461af:0x1eed8b83b934aa4c!8m2!3d45.389607!4d10.9033036!16s%2Fg%2F11cs39j4gr?entry=ttu&g_ep=EgoyMDI1MDQzMC4xIKXMDSoASAFQAw%3D%3D",2025-11-19 23:16:09,Busier than usual
"4.0 (4,214)","https://www.google.it/maps/place/McDonald's+Dossobuono/@45.389607,10.9007287,17z/data=!4m6!3m5!1s0x4781e089d18461af:0x1eed8b83b934aa4c!8m2!3d45.389607!4d10.9033036!16s%2Fg%2F11cs39j4gr?entry=ttu&g_ep=EgoyMDI1MDQzMC4xIKXMDSoASAFQAw%3D%3D",2025-11-20 06:24:56,Not busy
"4.0 (4,214)","https://www.google.it/maps/place/McDonald's+Dossobuono/@45.389607,10.9007287,17z/data=!4m6!3m5!1s0x4781e089d18461af:0x1eed8b83b934aa4c!8m2!3d45.389607!4d10.9033036!16s%2Fg%2F11cs39j4gr?entry=ttu&g_ep=EgoyMDI1MDQzMC4xIKXMDSoASAFQAw%3D%3D",2025-11-20 07:16:39,A little busy
"4.0 (4,214)","https://www.google.it/maps/place/McDonald's+Dossobuono/@45.389607,10.9007287,17z/data=!4m6!3m5!1s0x4781e089d18461af:0x1eed8b83b934aa4c!8m2!3d45.389607!4d10.9033036!16s%2Fg%2F11cs39j4gr?entry=ttu&g_ep=EgoyMDI1MDQzMC4xIKXMDSoASAFQAw%3D%3D",2025-11-20 08:23:37,Not too busy
"4.0 (4,214)","https://www.google.it/maps/place/McDonald's+Dossobuono/@45.389607,10.9007287,17z/data=!4m6!3m5!1s0x4781e089d18461af:0x1eed8b83b934aa4c!8m2!3d45.389607!4d10.9033036!16s%2Fg%2F11cs39j4gr?entry=ttu&g_ep=EgoyMDI1MDQzMC4xIKXMDSoASAFQAw%3D%3D",2025-11-20 09:18:21,Not busy
"4.0 (4,214)","https://www.google.it/maps/place/McDonald's+Dossobuono/@45.389607,10.9007287,17z/data=!4m6!3m5!1s0x4781e089d18461af:0x1eed8b83b934aa4c!8m2!3d45.389607!4d10.9033036!16s%2Fg%2F11cs39j4gr?entry=ttu&g_ep=EgoyMDI1MDQzMC4xIKXMDSoASAFQAw%3D%3D",2025-11-20 10:18:20,Not too busy
"4.0 (4,214)","https://www.google.it/maps/place/McDonald's+Dossobuono/@45.389607,10.9007287,17z/data=!4m6!3m5!1s0x4781e089d18461af:0x1eed8b83b934aa4c!8m2!3d45.389607!4d10.9033036!16s%2Fg%2F11cs39j4gr?entry=ttu&g_ep=EgoyMDI1MDQzMC4xIKXMDSoASAFQAw%3D%3D",2025-11-20 11:15:15,A little busy
"4.0 (4,214)","https://www.google.it/maps/place/McDonald's+Dossobuono/@45.389607,10.9007287,17z/data=!4m6!3m5!1s0x4781e089d18461af:0x1eed8b83b934aa4c!8m2!3d45.389607!4d10.9033036!16s%2Fg%2F11cs39j4gr?entry=ttu&g_ep=EgoyMDI1MDQzMC4xIKXMDSoASAFQAw%3D%3D",2025-11-20 12:34:18,A little busy
"4.0 (4,215)","https://www.google.it/maps/place/McDonald's+Dossobuono/@45.389607,10.9007287,17z/data=!4m6!3m5!1s0x4781e089d18461af:0x1eed8b83b934aa4c!8m2!3d45.389607!4d10.9033036!16s%2Fg%2F11cs39j4gr?entry=ttu&g_ep=EgoyMDI1MDQzMC4xIKXMDSoASAFQAw%3D%3D",2025-11-20 13:28:02,Busier than usual
"4.0 (4,215)","https://www.google.it/maps/place/McDonald's+Dossobuono/@45.389607,10.9007287,17z/data=!4m6!3m5!1s0x4781e089d18461af:0x1eed8b83b934aa4c!8m2!3d45.389607!4d10.9033036!16s%2Fg%2F11cs39j4gr?entry=ttu&g_ep=EgoyMDI1MDQzMC4xIKXMDSoASAFQAw%3D%3D",2025-11-20 14:17:25,Busier than usual
"4.0 (4,215)","https://www.google.it/maps/place/McDonald's+Dossobuono/@45.389607,10.9007287,17z/data=!4m6!3m5!1s0x4781e089d18461af:0x1eed8b83b934aa4c!8m2!3d45.389607!4d10.9033036!16s%2Fg%2F11cs39j4gr?entry=ttu&g_ep=EgoyMDI1MDQzMC4xIKXMDSoASAFQAw%3D%3D",2025-11-20 15:18:02,A little busy
"4.0 (4,215)","https://www.google.it/maps/place/McDonald's+Dossobuono/@45.389607,10.9007287,17z/data=!4m6!3m5!1s0x4781e089d18461af:0x1eed8b83b934aa4c!8m2!3d45.389607!4d10.9033036!16s%2Fg%2F11cs39j4gr?entry=ttu&g_ep=EgoyMDI1MDQzMC4xIKXMDSoASAFQAw%3D%3D",2025-11-20 16:21:47,Not busy
"4.0 (4,215)","https://www.google.it/maps/place/McDonald's+Dossobuono/@45.389607,10.9007287,17z/data=!4m6!3m5!1s0x4781e089d18461af:0x1eed8b83b934aa4c!8m2!3d45.389607!4d10.9033036!16s%2Fg%2F11cs39j4gr?entry=ttu&g_ep=EgoyMDI1MDQzMC4xIKXMDSoASAFQAw%3D%3D",2025-11-20 17:13:51,Busier than usual
"4.0 (4,215)","https://www.google.it/maps/place/McDonald's+Dossobuono/@45.389607,10.9007287,17z/data=!4m6!3m5!1s0x4781e089d18461af:0x1eed8b83b934aa4c!8m2!3d45.389607!4d10.9033036!16s%2Fg%2F11cs39j4gr?entry=ttu&g_ep=EgoyMDI1MDQzMC4xIKXMDSoASAFQAw%3D%3D",2025-11-20 19:13:28,As busy as it gets
"4.0 (4,215)","https://www.google.it/maps/place/McDonald's+Dossobuono/@45.389607,10.9007287,17z/data=!4m6!3m5!1s0x4781e089d18461af:0x1eed8b83b934aa4c!8m2!3d45.389607!4d10.9033036!16s%2Fg%2F11cs39j4gr?entry=ttu&g_ep=EgoyMDI1MDQzMC4xIKXMDSoASAFQAw%3D%3D",2025-11-20 20:19:44,Not too busy
"4.0 (4,215)","https://www.google.it/maps/place/McDonald's+Dossobuono/@45.389607,10.9007287,17z/data=!4m6!3m5!1s0x4781e089d18461af:0x1eed8b83b934aa4c!8m2!3d45.389607!4d10.9033036!16s%2Fg%2F11cs39j4gr?entry=ttu&g_ep=EgoyMDI1MDQzMC4xIKXMDSoASAFQAw%3D%3D",2025-11-20 21:15:38,Less busy than usual
"4.0 (4,215)","https://www.google.it/maps/place/McDonald's+Dossobuono/@45.389607,10.9007287,17z/data=!4m6!3m5!1s0x4781e089d18461af:0x1eed8b83b934aa4c!8m2!3d45.389607!4d10.9033036!16s%2Fg%2F11cs39j4gr?entry=ttu&g_ep=EgoyMDI1MDQzMC4xIKXMDSoASAFQAw%3D%3D",2025-11-20 22:15:57,Not busy
"4.0 (4,215)","https://www.google.it/maps/place/McDonald's+Dossobuono/@45.389607,10.9007287,17z/data=!4m6!3m5!1s0x4781e089d18461af:0x1eed8b83b934aa4c!8m2!3d45.389607!4d10.9033036!16s%2Fg%2F11cs39j4gr?entry=ttu&g_ep=EgoyMDI1MDQzMC4xIKXMDSoASAFQAw%3D%3D",2025-11-20 23:15:46,Not too busy
"4.0 (4,215)","https://www.google.it/maps/place/McDonald's+Dossobuono/@45.389607,10.9007287,17z/data=!4m6!3m5!1s0x4781e089d18461af:0x1eed8b83b934aa4c!8m2!3d45.389607!4d10.9033036!16s%2Fg%2F11cs39j4gr?entry=ttu&g_ep=EgoyMDI1MDQzMC4xIKXMDSoASAFQAw%3D%3D",2025-11-21 06:26:19,Not busy
"4.0 (4,215)","https://www.google.it/maps/place/McDonald's+Dossobuono/@45.389607,10.9007287,17z/data=!4m6!3m5!1s0x4781e089d18461af:0x1eed8b83b934aa4c!8m2!3d45.389607!4d10.9033036!16s%2Fg%2F11cs39j4gr?entry=ttu&g_ep=EgoyMDI1MDQzMC4xIKXMDSoASAFQAw%3D%3D",2025-11-21 08:23:43,Busier than usual
"4.0 (4,215)","https://www.google.it/maps/place/McDonald's+Dossobuono/@45.389607,10.9007287,17z/data=!4m6!3m5!1s0x4781e089d18461af:0x1eed8b83b934aa4c!8m2!3d45.389607!4d10.9033036!16s%2Fg%2F11cs39j4gr?entry=ttu&g_ep=EgoyMDI1MDQzMC4xIKXMDSoASAFQAw%3D%3D",2025-11-21 08:56:39,Busier than usual
"4.0 (4,214)","https://www.google.it/maps/place/McDonald's+Dossobuono/@45.389607,10.9007287,17z/data=!4m6!3m5!1s0x4781e089d18461af:0x1eed8b83b934aa4c!8m2!3d45.389607!4d10.9033036!16s%2Fg%2F11cs39j4gr?entry=ttu&g_ep=EgoyMDI1MDQzMC4xIKXMDSoASAFQAw%3D%3D",2025-11-21 09:40:41,Busier than usual
"4.0 (4,214)","https://www.google.it/maps/place/McDonald's+Dossobuono/@45.389607,10.9007287,17z/data=!4m6!3m5!1s0x4781e089d18461af:0x1eed8b83b934aa4c!8m2!3d45.389607!4d10.9033036!16s%2Fg%2F11cs39j4gr?entry=ttu&g_ep=EgoyMDI1MDQzMC4xIKXMDSoASAFQAw%3D%3D",2025-11-21 10:17:00,Less busy than usual
"4.0 (4,214)","https://www.google.it/maps/place/McDonald's+Dossobuono/@45.389607,10.9007287,17z/data=!4m6!3m5!1s0x4781e089d18461af:0x1eed8b83b934aa4c!8m2!3d45.389607!4d10.9033036!16s%2Fg%2F11cs39j4gr?entry=ttu&g_ep=EgoyMDI1MDQzMC4xIKXMDSoASAFQAw%3D%3D",2025-11-21 10:43:14,Less busy than usual
"4.0 (4,214)","https://www.google.it/maps/place/McDonald's+Dossobuono/@45.389607,10.9007287,17z/data=!4m6!3m5!1s0x4781e089d18461af:0x1eed8b83b934aa4c!8m2!3d45.389607!4d10.9033036!16s%2Fg%2F11cs39j4gr?entry=ttu&g_ep=EgoyMDI1MDQzMC4xIKXMDSoASAFQAw%3D%3D",2025-11-21 11:13:44,Less busy than usual
"4.0 (4,214)","https://www.google.it/maps/place/McDonald's+Dossobuono/@45.389607,10.9007287,17z/data=!4m6!3m5!1s0x4781e089d18461af:0x1eed8b83b934aa4c!8m2!3d45.389607!4d10.9033036!16s%2Fg%2F11cs39j4gr?entry=ttu&g_ep=EgoyMDI1MDQzMC4xIKXMDSoASAFQAw%3D%3D",2025-11-21 11:36:28,Less busy than usual
"4.0 (4,214)","https://www.google.it/maps/place/McDonald's+Dossobuono/@45.389607,10.9007287,17z/data=!4m6!3m5!1s0x4781e089d18461af:0x1eed8b83b934aa4c!8m2!3d45.389607!4d10.9033036!16s%2Fg%2F11cs39j4gr?entry=ttu&g_ep=EgoyMDI1MDQzMC4xIKXMDSoASAFQAw%3D%3D",2025-11-21 13:25:26,Busier than usual
"4.0 (4,214)","https://www.google.it/maps/place/McDonald's+Dossobuono/@45.389607,10.9007287,17z/data=!4m6!3m5!1s0x4781e089d18461af:0x1eed8b83b934aa4c!8m2!3d45.389607!4d10.9033036!16s%2Fg%2F11cs39j4gr?entry=ttu&g_ep=EgoyMDI1MDQzMC4xIKXMDSoASAFQAw%3D%3D",2025-11-21 13:43:41,Busier than usual
"4.0 (4,214)","https://www.google.it/maps/place/McDonald's+Dossobuono/@45.389607,10.9007287,17z/data=!4m6!3m5!1s0x4781e089d18461af:0x1eed8b83b934aa4c!8m2!3d45.389607!4d10.9033036!16s%2Fg%2F11cs39j4gr?entry=ttu&g_ep=EgoyMDI1MDQzMC4xIKXMDSoASAFQAw%3D%3D",2025-11-21 14:15:44,Busier than usual
"4.0 (4,214)","https://www.google.it/maps/place/McDonald's+Dossobuono/@45.389607,10.9007287,17z/data=!4m6!3m5!1s0x4781e089d18461af:0x1eed8b83b934aa4c!8m2!3d45.389607!4d10.9033036!16s%2Fg%2F11cs39j4gr?entry=ttu&g_ep=EgoyMDI1MDQzMC4xIKXMDSoASAFQAw%3D%3D",2025-11-21 14:41:55,Busier than usual
"4.0 (4,214)","https://www.google.it/maps/place/McDonald's+Dossobuono/@45.389607,10.9007287,17z/data=!4m6!3m5!1s0x4781e089d18461af:0x1eed8b83b934aa4c!8m2!3d45.389607!4d10.9033036!16s%2Fg%2F11cs39j4gr?entry=ttu&g_ep=EgoyMDI1MDQzMC4xIKXMDSoASAFQAw%3D%3D",2025-11-21 15:14:58,Not too busy
"4.0 (4,214)","https://www.google.it/maps/place/McDonald's+Dossobuono/@45.389607,10.9007287,17z/data=!4m6!3m5!1s0x4781e089d18461af:0x1eed8b83b934aa4c!8m2!3d45.389607!4d10.9033036!16s%2Fg%2F11cs39j4gr?entry=ttu&g_ep=EgoyMDI1MDQzMC4xIKXMDSoASAFQAw%3D%3D",2025-11-21 16:19:52,Busier than usual
"4.0 (4,214)","https://www.google.it/maps/place/McDonald's+Dossobuono/@45.389607,10.9007287,17z/data=!4m6!3m5!1s0x4781e089d18461af:0x1eed8b83b934aa4c!8m2!3d45.389607!4d10.9033036!16s%2Fg%2F11cs39j4gr?entry=ttu&g_ep=EgoyMDI1MDQzMC4xIKXMDSoASAFQAw%3D%3D",2025-11-21 16:43:57,Busier than usual
"4.0 (4,214)","https://www.google.it/maps/place/McDonald's+Dossobuono/@45.389607,10.9007287,17z/data=!4m6!3m5!1s0x4781e089d18461af:0x1eed8b83b934aa4c!8m2!3d45.389607!4d10.9033036!16s%2Fg%2F11cs39j4gr?entry=ttu&g_ep=EgoyMDI1MDQzMC4xIKXMDSoASAFQAw%3D%3D",2025-11-21 17:14:14,A little busy
"4.0 (4,214)","https://www.google.it/maps/place/McDonald's+Dossobuono/@45.389607,10.9007287,17z/data=!4m6!3m5!1s0x4781e089d18461af:0x1eed8b83b934aa4c!8m2!3d45.389607!4d10.9033036!16s%2Fg%2F11cs39j4gr?entry=ttu&g_ep=EgoyMDI1MDQzMC4xIKXMDSoASAFQAw%3D%3D",2025-11-21 17:39:20,A little busy
"4.0 (4,215)","https://www.google.it/maps/place/McDonald's+Dossobuono/@45.389607,10.9007287,17z/data=!4m6!3m5!1s0x4781e089d18461af:0x1eed8b83b934aa4c!8m2!3d45.389607!4d10.9033036!16s%2Fg%2F11cs39j4gr?entry=ttu&g_ep=EgoyMDI1MDQzMC4xIKXMDSoASAFQAw%3D%3D",2025-11-21 18:21:50,As busy as it gets
"4.0 (4,215)","https://www.google.it/maps/place/McDonald's+Dossobuono/@45.389607,10.9007287,17z/data=!4m6!3m5!1s0x4781e089d18461af:0x1eed8b83b934aa4c!8m2!3d45.389607!4d10.9033036!16s%2Fg%2F11cs39j4gr?entry=ttu&g_ep=EgoyMDI1MDQzMC4xIKXMDSoASAFQAw%3D%3D",2025-11-21 18:45:24,As busy as it gets
"4.0 (4,215)","https://www.google.it/maps/place/McDonald's+Dossobuono/@45.389607,10.9007287,17z/data=!4m6!3m5!1s0x4781e089d18461af:0x1eed8b83b934aa4c!8m2!3d45.389607!4d10.9033036!16s%2Fg%2F11cs39j4gr?entry=ttu&g_ep=EgoyMDI1MDQzMC4xIKXMDSoASAFQAw%3D%3D",2025-11-21 19:13:36,As busy as it gets
"4.0 (4,215)","https://www.google.it/maps/place/McDonald's+Dossobuono/@45.389607,10.9007287,17z/data=!4m6!3m5!1s0x4781e089d18461af:0x1eed8b83b934aa4c!8m2!3d45.389607!4d10.9033036!16s%2Fg%2F11cs39j4gr?entry=ttu&g_ep=EgoyMDI1MDQzMC4xIKXMDSoASAFQAw%3D%3D",2025-11-21 19:35:43,As busy as it gets
"4.0 (4,215)","https://www.google.it/maps/place/McDonald's+Dossobuono/@45.389607,10.9007287,17z/data=!4m6!3m5!1s0x4781e089d18461af:0x1eed8b83b934aa4c!8m2!3d45.389607!4d10.9033036!16s%2Fg%2F11cs39j4gr?entry=ttu&g_ep=EgoyMDI1MDQzMC4xIKXMDSoASAFQAw%3D%3D",2025-11-21 20:17:57,A little busy
"4.0 (4,215)","https://www.google.it/maps/place/McDonald's+Dossobuono/@45.389607,10.9007287,17z/data=!4m6!3m5!1s0x4781e089d18461af:0x1eed8b83b934aa4c!8m2!3d45.389607!4d10.9033036!16s%2Fg%2F11cs39j4gr?entry=ttu&g_ep=EgoyMDI1MDQzMC4xIKXMDSoASAFQAw%3D%3D",2025-11-21 20:41:08,A little busy
"4.0 (4,215)","https://www.google.it/maps/place/McDonald's+Dossobuono/@45.389607,10.9007287,17z/data=!4m6!3m5!1s0x4781e089d18461af:0x1eed8b83b934aa4c!8m2!3d45.389607!4d10.9033036!16s%2Fg%2F11cs39j4gr?entry=ttu&g_ep=EgoyMDI1MDQzMC4xIKXMDSoASAFQAw%3D%3D",2025-11-21 21:14:04,A little busy
"4.0 (4,215)","https://www.google.it/maps/place/McDonald's+Dossobuono/@45.389607,10.9007287,17z/data=!4m6!3m5!1s0x4781e089d18461af:0x1eed8b83b934aa4c!8m2!3d45.389607!4d10.9033036!16s%2Fg%2F11cs39j4gr?entry=ttu&g_ep=EgoyMDI1MDQzMC4xIKXMDSoASAFQAw%3D%3D",2025-11-21 21:36:42,A little busy
"4.0 (4,215)","https://www.google.it/maps/place/McDonald's+Dossobuono/@45.389607,10.9007287,17z/data=!4m6!3m5!1s0x4781e089d18461af:0x1eed8b83b934aa4c!8m2!3d45.389607!4d10.9033036!16s%2Fg%2F11cs39j4gr?entry=ttu&g_ep=EgoyMDI1MDQzMC4xIKXMDSoASAFQAw%3D%3D",2025-11-21 22:15:28,Less busy than usual
"4.0 (4,215)","https://www.google.it/maps/place/McDonald's+Dossobuono/@45.389607,10.9007287,17z/data=!4m6!3m5!1s0x4781e089d18461af:0x1eed8b83b934aa4c!8m2!3d45.389607!4d10.9033036!16s%2Fg%2F11cs39j4gr?entry=ttu&g_ep=EgoyMDI1MDQzMC4xIKXMDSoASAFQAw%3D%3D",2025-11-21 22:40:14,Less busy than usual
"4.0 (4,215)","https://www.google.it/maps/place/McDonald's+Dossobuono/@45.389607,10.9007287,17z/data=!4m6!3m5!1s0x4781e089d18461af:0x1eed8b83b934aa4c!8m2!3d45.389607!4d10.9033036!16s%2Fg%2F11cs39j4gr?entry=ttu&g_ep=EgoyMDI1MDQzMC4xIKXMDSoASAFQAw%3D%3D",2025-11-21 23:48:31,A little busy
"4.0 (4,215)","https://www.google.it/maps/place/McDonald's+Dossobuono/@45.389607,10.9007287,17z/data=!4m6!3m5!1s0x4781e089d18461af:0x1eed8b83b934aa4c!8m2!3d45.389607!4d10.9033036!16s%2Fg%2F11cs39j4gr?entry=ttu&g_ep=EgoyMDI1MDQzMC4xIKXMDSoASAFQAw%3D%3D",2025-11-22 01:49:40,Not busy
"4.0 (4,215)","https://www.google.it/maps/place/McDonald's+Dossobuono/@45.389607,10.9007287,17z/data=!4m6!3m5!1s0x4781e089d18461af:0x1eed8b83b934aa4c!8m2!3d45.389607!4d10.9033036!16s%2Fg%2F11cs39j4gr?entry=ttu&g_ep=EgoyMDI1MDQzMC4xIKXMDSoASAFQAw%3D%3D",2025-11-22 06:33:24,Not busy
"4.0 (4,215)","https://www.google.it/maps/place/McDonald's+Dossobuono/@45.389607,10.9007287,17z/data=!4m6!3m5!1s0x4781e089d18461af:0x1eed8b83b934aa4c!8m2!3d45.389607!4d10.9033036!16s%2Fg%2F11cs39j4gr?entry=ttu&g_ep=EgoyMDI1MDQzMC4xIKXMDSoASAFQAw%3D%3D",2025-11-22 06:52:11,Not busy
"4.0 (4,215)","https://www.google.it/maps/place/McDonald's+Dossobuono/@45.389607,10.9007287,17z/data=!4m6!3m5!1s0x4781e089d18461af:0x1eed8b83b934aa4c!8m2!3d45.389607!4d10.9033036!16s%2Fg%2F11cs39j4gr?entry=ttu&g_ep=EgoyMDI1MDQzMC4xIKXMDSoASAFQAw%3D%3D",2025-11-22 07:21:34,Not too busy
"4.0 (4,215)","https://www.google.it/maps/place/McDonald's+Dossobuono/@45.389607,10.9007287,17z/data=!4m6!3m5!1s0x4781e089d18461af:0x1eed8b83b934aa4c!8m2!3d45.389607!4d10.9033036!16s%2Fg%2F11cs39j4gr?entry=ttu&g_ep=EgoyMDI1MDQzMC4xIKXMDSoASAFQAw%3D%3D",2025-11-22 07:48:06,Not too busy
"4.0 (4,215)","https://www.google.it/maps/place/McDonald's+Dossobuono/@45.389607,10.9007287,17z/data=!4m6!3m5!1s0x4781e089d18461af:0x1eed8b83b934aa4c!8m2!3d45.389607!4d10.9033036!16s%2Fg%2F11cs39j4gr?entry=ttu&g_ep=EgoyMDI1MDQzMC4xIKXMDSoASAFQAw%3D%3D",2025-11-22 08:29:38,A little busy
"4.0 (4,215)","https://www.google.it/maps/place/McDonald's+Dossobuono/@45.389607,10.9007287,17z/data=!4m6!3m5!1s0x4781e089d18461af:0x1eed8b83b934aa4c!8m2!3d45.389607!4d10.9033036!16s%2Fg%2F11cs39j4gr?entry=ttu&g_ep=EgoyMDI1MDQzMC4xIKXMDSoASAFQAw%3D%3D",2025-11-22 08:51:49,A little busy
"4.0 (4,215)","https://www.google.it/maps/place/McDonald's+Dossobuono/@45.389607,10.9007287,17z/data=!4m6!3m5!1s0x4781e089d18461af:0x1eed8b83b934aa4c!8m2!3d45.389607!4d10.9033036!16s%2Fg%2F11cs39j4gr?entry=ttu&g_ep=EgoyMDI1MDQzMC4xIKXMDSoASAFQAw%3D%3D",2025-11-22 09:23:06,Busier than usual
"4.0 (4,215)","https://www.google.it/maps/place/McDonald's+Dossobuono/@45.389607,10.9007287,17z/data=!4m6!3m5!1s0x4781e089d18461af:0x1eed8b83b934aa4c!8m2!3d45.389607!4d10.9033036!16s%2Fg%2F11cs39j4gr?entry=ttu&g_ep=EgoyMDI1MDQzMC4xIKXMDSoASAFQAw%3D%3D",2025-11-22 09:48:12,Busier than usual
"4.0 (4,215)","https://www.google.it/maps/place/McDonald's+Dossobuono/@45.389607,10.9007287,17z/data=!4m6!3m5!1s0x4781e089d18461af:0x1eed8b83b934aa4c!8m2!3d45.389607!4d10.9033036!16s%2Fg%2F11cs39j4gr?entry=ttu&g_ep=EgoyMDI1MDQzMC4xIKXMDSoASAFQAw%3D%3D",2025-11-22 10:23:18,A little busy
"4.0 (4,215)","https://www.google.it/maps/place/McDonald's+Dossobuono/@45.389607,10.9007287,17z/data=!4m6!3m5!1s0x4781e089d18461af:0x1eed8b83b934aa4c!8m2!3d45.389607!4d10.9033036!16s%2Fg%2F11cs39j4gr?entry=ttu&g_ep=EgoyMDI1MDQzMC4xIKXMDSoASAFQAw%3D%3D",2025-11-22 10:47:29,A little busy
"4.0 (4,215)","https://www.google.it/maps/place/McDonald's+Dossobuono/@45.389607,10.9007287,17z/data=!4m6!3m5!1s0x4781e089d18461af:0x1eed8b83b934aa4c!8m2!3d45.389607!4d10.9033036!16s%2Fg%2F11cs39j4gr?entry=ttu&g_ep=EgoyMDI1MDQzMC4xIKXMDSoASAFQAw%3D%3D",2025-11-22 11:30:03,A little busy
"4.0 (4,215)","https://www.google.it/maps/place/McDonald's+Dossobuono/@45.389607,10.9007287,17z/data=!4m6!3m5!1s0x4781e089d18461af:0x1eed8b83b934aa4c!8m2!3d45.389607!4d10.9033036!16s%2Fg%2F11cs39j4gr?entry=ttu&g_ep=EgoyMDI1MDQzMC4xIKXMDSoASAFQAw%3D%3D",2025-11-22 11:47:44,A little busy
"4.0 (4,215)","https://www.google.it/maps/place/McDonald's+Dossobuono/@45.389607,10.9007287,17z/data=!4m6!3m5!1s0x4781e089d18461af:0x1eed8b83b934aa4c!8m2!3d45.389607!4d10.9033036!16s%2Fg%2F11cs39j4gr?entry=ttu&g_ep=EgoyMDI1MDQzMC4xIKXMDSoASAFQAw%3D%3D",2025-11-22 12:42:59,Not too busy
"4.0 (4,216)","https://www.google.it/maps/place/McDonald's+Dossobuono/@45.389607,10.9007287,17z/data=!4m6!3m5!1s0x4781e089d18461af:0x1eed8b83b934aa4c!8m2!3d45.389607!4d10.9033036!16s%2Fg%2F11cs39j4gr?entry=ttu&g_ep=EgoyMDI1MDQzMC4xIKXMDSoASAFQAw%3D%3D",2025-11-22 13:27:12,As busy as it gets
"4.0 (4,216)","https://www.google.it/maps/place/McDonald's+Dossobuono/@45.389607,10.9007287,17z/data=!4m6!3m5!1s0x4781e089d18461af:0x1eed8b83b934aa4c!8m2!3d45.389607!4d10.9033036!16s%2Fg%2F11cs39j4gr?entry=ttu&g_ep=EgoyMDI1MDQzMC4xIKXMDSoASAFQAw%3D%3D",2025-11-22 14:20:20,A little busy
"4.0 (4,216)","https://www.google.it/maps/place/McDonald's+Dossobuono/@45.389607,10.9007287,17z/data=!4m6!3m5!1s0x4781e089d18461af:0x1eed8b83b934aa4c!8m2!3d45.389607!4d10.9033036!16s%2Fg%2F11cs39j4gr?entry=ttu&g_ep=EgoyMDI1MDQzMC4xIKXMDSoASAFQAw%3D%3D",2025-11-22 14:37:04,A little busy
"4.0 (4,216)","https://www.google.it/maps/place/McDonald's+Dossobuono/@45.389607,10.9007287,17z/data=!4m6!3m5!1s0x4781e089d18461af:0x1eed8b83b934aa4c!8m2!3d45.389607!4d10.9033036!16s%2Fg%2F11cs39j4gr?entry=ttu&g_ep=EgoyMDI1MDQzMC4xIKXMDSoASAFQAw%3D%3D",2025-11-22 14:49:17,A little busy
"4.0 (4,216)","https://www.google.it/maps/place/McDonald's+Dossobuono/@45.389607,10.9007287,17z/data=!4m6!3m5!1s0x4781e089d18461af:0x1eed8b83b934aa4c!8m2!3d45.389607!4d10.9033036!16s%2Fg%2F11cs39j4gr?entry=ttu&g_ep=EgoyMDI1MDQzMC4xIKXMDSoASAFQAw%3D%3D",2025-11-22 15:22:17,Not too busy
"4.0 (4,216)","https://www.google.it/maps/place/McDonald's+Dossobuono/@45.389607,10.9007287,17z/data=!4m6!3m5!1s0x4781e089d18461af:0x1eed8b83b934aa4c!8m2!3d45.389607!4d10.9033036!16s%2Fg%2F11cs39j4gr?entry=ttu&g_ep=EgoyMDI1MDQzMC4xIKXMDSoASAFQAw%3D%3D",2025-11-22 15:47:40,Not too busy
"4.0 (4,216)","https://www.google.it/maps/place/McDonald's+Dossobuono/@45.389607,10.9007287,17z/data=!4m6!3m5!1s0x4781e089d18461af:0x1eed8b83b934aa4c!8m2!3d45.389607!4d10.9033036!16s%2Fg%2F11cs39j4gr?entry=ttu&g_ep=EgoyMDI1MDQzMC4xIKXMDSoASAFQAw%3D%3D",2025-11-22 16:28:00,Not too busy
"4.0 (4,216)","https://www.google.it/maps/place/McDonald's+Dossobuono/@45.389607,10.9007287,17z/data=!4m6!3m5!1s0x4781e089d18461af:0x1eed8b83b934aa4c!8m2!3d45.389607!4d10.9033036!16s%2Fg%2F11cs39j4gr?entry=ttu&g_ep=EgoyMDI1MDQzMC4xIKXMDSoASAFQAw%3D%3D",2025-11-22 16:50:49,Not too busy
"4.0 (4,216)","https://www.google.it/maps/place/McDonald's+Dossobuono/@45.389607,10.9007287,17z/data=!4m6!3m5!1s0x4781e089d18461af:0x1eed8b83b934aa4c!8m2!3d45.389607!4d10.9033036!16s%2Fg%2F11cs39j4gr?entry=ttu&g_ep=EgoyMDI1MDQzMC4xIKXMDSoASAFQAw%3D%3D",2025-11-22 17:34:47,A little busy
"4.0 (4,216)","https://www.google.it/maps/place/McDonald's+Dossobuono/@45.389607,10.9007287,17z/data=!4m6!3m5!1s0x4781e089d18461af:0x1eed8b83b934aa4c!8m2!3d45.389607!4d10.9033036!16s%2Fg%2F11cs39j4gr?entry=ttu&g_ep=EgoyMDI1MDQzMC4xIKXMDSoASAFQAw%3D%3D",2025-11-22 17:47:59,A little busy
"4.0 (4,216)","https://www.google.it/maps/place/McDonald's+Dossobuono/@45.389607,10.9007287,17z/data=!4m6!3m5!1s0x4781e089d18461af:0x1eed8b83b934aa4c!8m2!3d45.389607!4d10.9033036!16s%2Fg%2F11cs39j4gr?entry=ttu&g_ep=EgoyMDI1MDQzMC4xIKXMDSoASAFQAw%3D%3D",2025-11-22 18:32:23,A little busy
"4.0 (4,216)","https://www.google.it/maps/place/McDonald's+Dossobuono/@45.389607,10.9007287,17z/data=!4m6!3m5!1s0x4781e089d18461af:0x1eed8b83b934aa4c!8m2!3d45.389607!4d10.9033036!16s%2Fg%2F11cs39j4gr?entry=ttu&g_ep=EgoyMDI1MDQzMC4xIKXMDSoASAFQAw%3D%3D",2025-11-22 18:52:15,A little busy
"4.0 (4,216)","https://www.google.it/maps/place/McDonald's+Dossobuono/@45.389607,10.9007287,17z/data=!4m6!3m5!1s0x4781e089d18461af:0x1eed8b83b934aa4c!8m2!3d45.389607!4d10.9033036!16s%2Fg%2F11cs39j4gr?entry=ttu&g_ep=EgoyMDI1MDQzMC4xIKXMDSoASAFQAw%3D%3D",2025-11-22 19:18:11,As busy as it gets
"4.0 (4,216)","https://www.google.it/maps/place/McDonald's+Dossobuono/@45.389607,10.9007287,17z/data=!4m6!3m5!1s0x4781e089d18461af:0x1eed8b83b934aa4c!8m2!3d45.389607!4d10.9033036!16s%2Fg%2F11cs39j4gr?entry=ttu&g_ep=EgoyMDI1MDQzMC4xIKXMDSoASAFQAw%3D%3D",2025-11-22 19:30:55,As busy as it gets
"4.0 (4,216)","https://www.google.it/maps/place/McDonald's+Dossobuono/@45.389607,10.9007287,17z/data=!4m6!3m5!1s0x4781e089d18461af:0x1eed8b83b934aa4c!8m2!3d45.389607!4d10.9033036!16s%2Fg%2F11cs39j4gr?entry=ttu&g_ep=EgoyMDI1MDQzMC4xIKXMDSoASAFQAw%3D%3D",2025-11-22 19:48:00,As busy as it gets
"4.0 (4,216)","https://www.google.it/maps/place/McDonald's+Dossobuono/@45.389607,10.9007287,17z/data=!4m6!3m5!1s0x4781e089d18461af:0x1eed8b83b934aa4c!8m2!3d45.389607!4d10.9033036!16s%2Fg%2F11cs39j4gr?entry=ttu&g_ep=EgoyMDI1MDQzMC4xIKXMDSoASAFQAw%3D%3D",2025-11-22 20:25:52,A little busy
"4.0 (4,216)","https://www.google.it/maps/place/McDonald's+Dossobuono/@45.389607,10.9007287,17z/data=!4m6!3m5!1s0x4781e089d18461af:0x1eed8b83b934aa4c!8m2!3d45.389607!4d10.9033036!16s%2Fg%2F11cs39j4gr?entry=ttu&g_ep=EgoyMDI1MDQzMC4xIKXMDSoASAFQAw%3D%3D",2025-11-22 20:48:15,A little busy
"4.0 (4,216)","https://www.google.it/maps/place/McDonald's+Dossobuono/@45.389607,10.9007287,17z/data=!4m6!3m5!1s0x4781e089d18461af:0x1eed8b83b934aa4c!8m2!3d45.389607!4d10.9033036!16s%2Fg%2F11cs39j4gr?entry=ttu&g_ep=EgoyMDI1MDQzMC4xIKXMDSoASAFQAw%3D%3D",2025-11-22 21:20:44,A little busy
"4.0 (4,216)","https://www.google.it/maps/place/McDonald's+Dossobuono/@45.389607,10.9007287,17z/data=!4m6!3m5!1s0x4781e089d18461af:0x1eed8b83b934aa4c!8m2!3d45.389607!4d10.9033036!16s%2Fg%2F11cs39j4gr?entry=ttu&g_ep=EgoyMDI1MDQzMC4xIKXMDSoASAFQAw%3D%3D",2025-11-22 22:22:22,A little busy
"4.0 (4,216)","https://www.google.it/maps/place/McDonald's+Dossobuono/@45.389607,10.9007287,17z/data=!4m6!3m5!1s0x4781e089d18461af:0x1eed8b83b934aa4c!8m2!3d45.389607!4d10.9033036!16s%2Fg%2F11cs39j4gr?entry=ttu&g_ep=EgoyMDI1MDQzMC4xIKXMDSoASAFQAw%3D%3D",2025-11-22 22:48:01,A little busy
"4.0 (4,216)","https://www.google.it/maps/place/McDonald's+Dossobuono/@45.389607,10.9007287,17z/data=!4m6!3m5!1s0x4781e089d18461af:0x1eed8b83b934aa4c!8m2!3d45.389607!4d10.9033036!16s%2Fg%2F11cs39j4gr?entry=ttu&g_ep=EgoyMDI1MDQzMC4xIKXMDSoASAFQAw%3D%3D",2025-11-22 23:22:30,Not too busy
"4.0 (4,216)","https://www.google.it/maps/place/McDonald's+Dossobuono/@45.389607,10.9007287,17z/data=!4m6!3m5!1s0x4781e089d18461af:0x1eed8b83b934aa4c!8m2!3d45.389607!4d10.9033036!16s%2Fg%2F11cs39j4gr?entry=ttu&g_ep=EgoyMDI1MDQzMC4xIKXMDSoASAFQAw%3D%3D",2025-11-22 23:48:07,Not too busy
"4.0 (4,216)","https://www.google.it/maps/place/McDonald's+Dossobuono/@45.389607,10.9007287,17z/data=!4m6!3m5!1s0x4781e089d18461af:0x1eed8b83b934aa4c!8m2!3d45.389607!4d10.9033036!16s%2Fg%2F11cs39j4gr?entry=ttu&g_ep=EgoyMDI1MDQzMC4xIKXMDSoASAFQAw%3D%3D",2025-11-23 06:34:38,Not busy
"4.0 (4,216)","https://www.google.it/maps/place/McDonald's+Dossobuono/@45.389607,10.9007287,17z/data=!4m6!3m5!1s0x4781e089d18461af:0x1eed8b83b934aa4c!8m2!3d45.389607!4d10.9033036!16s%2Fg%2F11cs39j4gr?entry=ttu&g_ep=EgoyMDI1MDQzMC4xIKXMDSoASAFQAw%3D%3D",2025-11-23 06:53:51,Not busy
"4.0 (4,216)","https://www.google.it/maps/place/McDonald's+Dossobuono/@45.389607,10.9007287,17z/data=!4m6!3m5!1s0x4781e089d18461af:0x1eed8b83b934aa4c!8m2!3d45.389607!4d10.9033036!16s%2Fg%2F11cs39j4gr?entry=ttu&g_ep=EgoyMDI1MDQzMC4xIKXMDSoASAFQAw%3D%3D",2025-11-23 07:47:59,Not too busy
"4.0 (4,216)","https://www.google.it/maps/place/McDonald's+Dossobuono/@45.389607,10.9007287,17z/data=!4m6!3m5!1s0x4781e089d18461af:0x1eed8b83b934aa4c!8m2!3d45.389607!4d10.9033036!16s%2Fg%2F11cs39j4gr?entry=ttu&g_ep=EgoyMDI1MDQzMC4xIKXMDSoASAFQAw%3D%3D",2025-11-23 08:29:58,Not busy
"4.0 (4,216)","https://www.google.it/maps/place/McDonald's+Dossobuono/@45.389607,10.9007287,17z/data=!4m6!3m5!1s0x4781e089d18461af:0x1eed8b83b934aa4c!8m2!3d45.389607!4d10.9033036!16s%2Fg%2F11cs39j4gr?entry=ttu&g_ep=EgoyMDI1MDQzMC4xIKXMDSoASAFQAw%3D%3D",2025-11-23 08:51:57,Not busy
"4.0 (4,216)","https://www.google.it/maps/place/McDonald's+Dossobuono/@45.389607,10.9007287,17z/data=!4m6!3m5!1s0x4781e089d18461af:0x1eed8b83b934aa4c!8m2!3d45.389607!4d10.9033036!16s%2Fg%2F11cs39j4gr?entry=ttu&g_ep=EgoyMDI1MDQzMC4xIKXMDSoASAFQAw%3D%3D",2025-11-23 09:23:27,Not too busy
"4.0 (4,216)","https://www.google.it/maps/place/McDonald's+Dossobuono/@45.389607,10.9007287,17z/data=!4m6!3m5!1s0x4781e089d18461af:0x1eed8b83b934aa4c!8m2!3d45.389607!4d10.9033036!16s%2Fg%2F11cs39j4gr?entry=ttu&g_ep=EgoyMDI1MDQzMC4xIKXMDSoASAFQAw%3D%3D",2025-11-23 10:23:57,Not too busy
"4.0 (4,216)","https://www.google.it/maps/place/McDonald's+Dossobuono/@45.389607,10.9007287,17z/data=!4m6!3m5!1s0x4781e089d18461af:0x1eed8b83b934aa4c!8m2!3d45.389607!4d10.9033036!16s%2Fg%2F11cs39j4gr?entry=ttu&g_ep=EgoyMDI1MDQzMC4xIKXMDSoASAFQAw%3D%3D",2025-11-23 10:47:36,Not too busy
"4.0 (4,216)","https://www.google.it/maps/place/McDonald's+Dossobuono/@45.389607,10.9007287,17z/data=!4m6!3m5!1s0x4781e089d18461af:0x1eed8b83b934aa4c!8m2!3d45.389607!4d10.9033036!16s%2Fg%2F11cs39j4gr?entry=ttu&g_ep=EgoyMDI1MDQzMC4xIKXMDSoASAFQAw%3D%3D",2025-11-23 11:19:17,Less busy than usual
"4.0 (4,216)","https://www.google.it/maps/place/McDonald's+Dossobuono/@45.389607,10.9007287,17z/data=!4m6!3m5!1s0x4781e089d18461af:0x1eed8b83b934aa4c!8m2!3d45.389607!4d10.9033036!16s%2Fg%2F11cs39j4gr?entry=ttu&g_ep=EgoyMDI1MDQzMC4xIKXMDSoASAFQAw%3D%3D",2025-11-23 11:31:32,Less busy than usual
"4.0 (4,216)","https://www.google.it/maps/place/McDonald's+Dossobuono/@45.389607,10.9007287,17z/data=!4m6!3m5!1s0x4781e089d18461af:0x1eed8b83b934aa4c!8m2!3d45.389607!4d10.9033036!16s%2Fg%2F11cs39j4gr?entry=ttu&g_ep=EgoyMDI1MDQzMC4xIKXMDSoASAFQAw%3D%3D",2025-11-23 11:48:11,Less busy than usual
"4.0 (4,216)","https://www.google.it/maps/place/McDonald's+Dossobuono/@45.389607,10.9007287,17z/data=!4m6!3m5!1s0x4781e089d18461af:0x1eed8b83b934aa4c!8m2!3d45.389607!4d10.9033036!16s%2Fg%2F11cs39j4gr?entry=ttu&g_ep=EgoyMDI1MDQzMC4xIKXMDSoASAFQAw%3D%3D",2025-11-23 12:42:21,A little busy
"4.0 (4,216)","https://www.google.it/maps/place/McDonald's+Dossobuono/@45.389607,10.9007287,17z/data=!4m6!3m5!1s0x4781e089d18461af:0x1eed8b83b934aa4c!8m2!3d45.389607!4d10.9033036!16s%2Fg%2F11cs39j4gr?entry=ttu&g_ep=EgoyMDI1MDQzMC4xIKXMDSoASAFQAw%3D%3D",2025-11-23 13:26:59,As busy as it gets
"4.0 (4,216)","https://www.google.it/maps/place/McDonald's+Dossobuono/@45.389607,10.9007287,17z/data=!4m6!3m5!1s0x4781e089d18461af:0x1eed8b83b934aa4c!8m2!3d45.389607!4d10.9033036!16s%2Fg%2F11cs39j4gr?entry=ttu&g_ep=EgoyMDI1MDQzMC4xIKXMDSoASAFQAw%3D%3D",2025-11-23 13:48:03,As busy as it gets
"4.0 (4,216)","https://www.google.it/maps/place/McDonald's+Dossobuono/@45.389607,10.9007287,17z/data=!4m6!3m5!1s0x4781e089d18461af:0x1eed8b83b934aa4c!8m2!3d45.389607!4d10.9033036!16s%2Fg%2F11cs39j4gr?entry=ttu&g_ep=EgoyMDI1MDQzMC4xIKXMDSoASAFQAw%3D%3D",2025-11-23 14:20:37,A little busy
"4.0 (4,216)","https://www.google.it/maps/place/McDonald's+Dossobuono/@45.389607,10.9007287,17z/data=!4m6!3m5!1s0x4781e089d18461af:0x1eed8b83b934aa4c!8m2!3d45.389607!4d10.9033036!16s%2Fg%2F11cs39j4gr?entry=ttu&g_ep=EgoyMDI1MDQzMC4xIKXMDSoASAFQAw%3D%3D",2025-11-23 14:47:50,A little busy
"4.0 (4,216)","https://www.google.it/maps/place/McDonald's+Dossobuono/@45.389607,10.9007287,17z/data=!4m6!3m5!1s0x4781e089d18461af:0x1eed8b83b934aa4c!8m2!3d45.389607!4d10.9033036!16s%2Fg%2F11cs39j4gr?entry=ttu&g_ep=EgoyMDI1MDQzMC4xIKXMDSoASAFQAw%3D%3D",2025-11-23 15:22:09,Busier than usual
"4.0 (4,216)","https://www.google.it/maps/place/McDonald's+Dossobuono/@45.389607,10.9007287,17z/data=!4m6!3m5!1s0x4781e089d18461af:0x1eed8b83b934aa4c!8m2!3d45.389607!4d10.9033036!16s%2Fg%2F11cs39j4gr?entry=ttu&g_ep=EgoyMDI1MDQzMC4xIKXMDSoASAFQAw%3D%3D",2025-11-23 15:48:05,Busier than usual
"4.0 (4,216)","https://www.google.it/maps/place/McDonald's+Dossobuono/@45.389607,10.9007287,17z/data=!4m6!3m5!1s0x4781e089d18461af:0x1eed8b83b934aa4c!8m2!3d45.389607!4d10.9033036!16s%2Fg%2F11cs39j4gr?entry=ttu&g_ep=EgoyMDI1MDQzMC4xIKXMDSoASAFQAw%3D%3D",2025-11-23 16:28:32,A little busy
"4.0 (4,216)","https://www.google.it/maps/place/McDonald's+Dossobuono/@45.389607,10.9007287,17z/data=!4m6!3m5!1s0x4781e089d18461af:0x1eed8b83b934aa4c!8m2!3d45.389607!4d10.9033036!16s%2Fg%2F11cs39j4gr?entry=ttu&g_ep=EgoyMDI1MDQzMC4xIKXMDSoASAFQAw%3D%3D",2025-11-23 16:51:05,A little busy
"4.0 (4,216)","https://www.google.it/maps/place/McDonald's+Dossobuono/@45.389607,10.9007287,17z/data=!4m6!3m5!1s0x4781e089d18461af:0x1eed8b83b934aa4c!8m2!3d45.389607!4d10.9033036!16s%2Fg%2F11cs39j4gr?entry=ttu&g_ep=EgoyMDI1MDQzMC4xIKXMDSoASAFQAw%3D%3D",2025-11-23 17:19:53,A little busy
"4.0 (4,216)","https://www.google.it/maps/place/McDonald's+Dossobuono/@45.389607,10.9007287,17z/data=!4m6!3m5!1s0x4781e089d18461af:0x1eed8b83b934aa4c!8m2!3d45.389607!4d10.9033036!16s%2Fg%2F11cs39j4gr?entry=ttu&g_ep=EgoyMDI1MDQzMC4xIKXMDSoASAFQAw%3D%3D",2025-11-23 17:36:02,A little busy
"4.0 (4,216)","https://www.google.it/maps/place/McDonald's+Dossobuono/@45.389607,10.9007287,17z/data=!4m6!3m5!1s0x4781e089d18461af:0x1eed8b83b934aa4c!8m2!3d45.389607!4d10.9033036!16s%2Fg%2F11cs39j4gr?entry=ttu&g_ep=EgoyMDI1MDQzMC4xIKXMDSoASAFQAw%3D%3D",2025-11-23 18:32:51,Less busy than usual
"4.0 (4,216)","https://www.google.it/maps/place/McDonald's+Dossobuono/@45.389607,10.9007287,17z/data=!4m6!3m5!1s0x4781e089d18461af:0x1eed8b83b934aa4c!8m2!3d45.389607!4d10.9033036!16s%2Fg%2F11cs39j4gr?entry=ttu&g_ep=EgoyMDI1MDQzMC4xIKXMDSoASAFQAw%3D%3D",2025-11-23 18:52:32,Less busy than usual
"4.0 (4,216)","https://www.google.it/maps/place/McDonald's+Dossobuono/@45.389607,10.9007287,17z/data=!4m6!3m5!1s0x4781e089d18461af:0x1eed8b83b934aa4c!8m2!3d45.389607!4d10.9033036!16s%2Fg%2F11cs39j4gr?entry=ttu&g_ep=EgoyMDI1MDQzMC4xIKXMDSoASAFQAw%3D%3D",2025-11-23 19:19:07,Less busy than usual
"4.0 (4,216)","https://www.google.it/maps/place/McDonald's+Dossobuono/@45.389607,10.9007287,17z/data=!4m6!3m5!1s0x4781e089d18461af:0x1eed8b83b934aa4c!8m2!3d45.389607!4d10.9033036!16s%2Fg%2F11cs39j4gr?entry=ttu&g_ep=EgoyMDI1MDQzMC4xIKXMDSoASAFQAw%3D%3D",2025-11-23 19:31:47,Less busy than usual
"4.0 (4,216)","https://www.google.it/maps/place/McDonald's+Dossobuono/@45.389607,10.9007287,17z/data=!4m6!3m5!1s0x4781e089d18461af:0x1eed8b83b934aa4c!8m2!3d45.389607!4d10.9033036!16s%2Fg%2F11cs39j4gr?entry=ttu&g_ep=EgoyMDI1MDQzMC4xIKXMDSoASAFQAw%3D%3D",2025-11-23 19:47:54,Less busy than usual
"4.0 (4,216)","https://www.google.it/maps/place/McDonald's+Dossobuono/@45.389607,10.9007287,17z/data=!4m6!3m5!1s0x4781e089d18461af:0x1eed8b83b934aa4c!8m2!3d45.389607!4d10.9033036!16s%2Fg%2F11cs39j4gr?entry=ttu&g_ep=EgoyMDI1MDQzMC4xIKXMDSoASAFQAw%3D%3D",2025-11-23 20:26:57,Less busy than usual
"4.0 (4,216)","https://www.google.it/maps/place/McDonald's+Dossobuono/@45.389607,10.9007287,17z/data=!4m6!3m5!1s0x4781e089d18461af:0x1eed8b83b934aa4c!8m2!3d45.389607!4d10.9033036!16s%2Fg%2F11cs39j4gr?entry=ttu&g_ep=EgoyMDI1MDQzMC4xIKXMDSoASAFQAw%3D%3D",2025-11-23 20:48:52,Less busy than usual
"4.0 (4,216)","https://www.google.it/maps/place/McDonald's+Dossobuono/@45.389607,10.9007287,17z/data=!4m6!3m5!1s0x4781e089d18461af:0x1eed8b83b934aa4c!8m2!3d45.389607!4d10.9033036!16s%2Fg%2F11cs39j4gr?entry=ttu&g_ep=EgoyMDI1MDQzMC4xIKXMDSoASAFQAw%3D%3D",2025-11-23 21:21:33,Less busy than usual
"4.0 (4,216)","https://www.google.it/maps/place/McDonald's+Dossobuono/@45.389607,10.9007287,17z/data=!4m6!3m5!1s0x4781e089d18461af:0x1eed8b83b934aa4c!8m2!3d45.389607!4d10.9033036!16s%2Fg%2F11cs39j4gr?entry=ttu&g_ep=EgoyMDI1MDQzMC4xIKXMDSoASAFQAw%3D%3D",2025-11-23 21:48:11,Less busy than usual
"4.0 (4,216)","https://www.google.it/maps/place/McDonald's+Dossobuono/@45.389607,10.9007287,17z/data=!4m6!3m5!1s0x4781e089d18461af:0x1eed8b83b934aa4c!8m2!3d45.389607!4d10.9033036!16s%2Fg%2F11cs39j4gr?entry=ttu&g_ep=EgoyMDI1MDQzMC4xIKXMDSoASAFQAw%3D%3D",2025-11-23 22:23:10,Not too busy
"4.0 (4,216)","https://www.google.it/maps/place/McDonald's+Dossobuono/@45.389607,10.9007287,17z/data=!4m6!3m5!1s0x4781e089d18461af:0x1eed8b83b934aa4c!8m2!3d45.389607!4d10.9033036!16s%2Fg%2F11cs39j4gr?entry=ttu&g_ep=EgoyMDI1MDQzMC4xIKXMDSoASAFQAw%3D%3D",2025-11-23 22:48:14,Not too busy
"4.0 (4,216)","https://www.google.it/maps/place/McDonald's+Dossobuono/@45.389607,10.9007287,17z/data=!4m6!3m5!1s0x4781e089d18461af:0x1eed8b83b934aa4c!8m2!3d45.389607!4d10.9033036!16s%2Fg%2F11cs39j4gr?entry=ttu&g_ep=EgoyMDI1MDQzMC4xIKXMDSoASAFQAw%3D%3D",2025-11-23 23:47:26,Not too busy
"4.0 (4,217)","https://www.google.it/maps/place/McDonald's+Dossobuono/@45.389607,10.9007287,17z/data=!4m6!3m5!1s0x4781e089d18461af:0x1eed8b83b934aa4c!8m2!3d45.389607!4d10.9033036!16s%2Fg%2F11cs39j4gr?entry=ttu&g_ep=EgoyMDI1MDQzMC4xIKXMDSoASAFQAw%3D%3D",2025-11-24 06:37:33,Not too busy
"4.0 (4,217)","https://www.google.it/maps/place/McDonald's+Dossobuono/@45.389607,10.9007287,17z/data=!4m6!3m5!1s0x4781e089d18461af:0x1eed8b83b934aa4c!8m2!3d45.389607!4d10.9033036!16s%2Fg%2F11cs39j4gr?entry=ttu&g_ep=EgoyMDI1MDQzMC4xIKXMDSoASAFQAw%3D%3D",2025-11-24 06:57:18,Not too busy
"4.0 (4,217)","https://www.google.it/maps/place/McDonald's+Dossobuono/@45.389607,10.9007287,17z/data=!4m6!3m5!1s0x4781e089d18461af:0x1eed8b83b934aa4c!8m2!3d45.389607!4d10.9033036!16s%2Fg%2F11cs39j4gr?entry=ttu&g_ep=EgoyMDI1MDQzMC4xIKXMDSoASAFQAw%3D%3D",2025-11-24 07:48:10,Not too busy
"4.0 (4,217)","https://www.google.it/maps/place/McDonald's+Dossobuono/@45.389607,10.9007287,17z/data=!4m6!3m5!1s0x4781e089d18461af:0x1eed8b83b934aa4c!8m2!3d45.389607!4d10.9033036!16s%2Fg%2F11cs39j4gr?entry=ttu&g_ep=EgoyMDI1MDQzMC4xIKXMDSoASAFQAw%3D%3D",2025-11-24 08:35:46,A little busy
"4.0 (4,217)","https://www.google.it/maps/place/McDonald's+Dossobuono/@45.389607,10.9007287,17z/data=!4m6!3m5!1s0x4781e089d18461af:0x1eed8b83b934aa4c!8m2!3d45.389607!4d10.9033036!16s%2Fg%2F11cs39j4gr?entry=ttu&g_ep=EgoyMDI1MDQzMC4xIKXMDSoASAFQAw%3D%3D",2025-11-24 08:56:56,A little busy
"4.0 (4,217)","https://www.google.it/maps/place/McDonald's+Dossobuono/@45.389607,10.9007287,17z/data=!4m6!3m5!1s0x4781e089d18461af:0x1eed8b83b934aa4c!8m2!3d45.389607!4d10.9033036!16s%2Fg%2F11cs39j4gr?entry=ttu&g_ep=EgoyMDI1MDQzMC4xIKXMDSoASAFQAw%3D%3D",2025-11-24 09:34:10,Busier than usual
"4.0 (4,217)","https://www.google.it/maps/place/McDonald's+Dossobuono/@45.389607,10.9007287,17z/data=!4m6!3m5!1s0x4781e089d18461af:0x1eed8b83b934aa4c!8m2!3d45.389607!4d10.9033036!16s%2Fg%2F11cs39j4gr?entry=ttu&g_ep=EgoyMDI1MDQzMC4xIKXMDSoASAFQAw%3D%3D",2025-11-24 09:51:54,Busier than usual
"4.0 (4,217)","https://www.google.it/maps/place/McDonald's+Dossobuono/@45.389607,10.9007287,17z/data=!4m6!3m5!1s0x4781e089d18461af:0x1eed8b83b934aa4c!8m2!3d45.389607!4d10.9033036!16s%2Fg%2F11cs39j4gr?entry=ttu&g_ep=EgoyMDI1MDQzMC4xIKXMDSoASAFQAw%3D%3D",2025-11-24 10:28:46,Not too busy
"4.0 (4,217)","https://www.google.it/maps/place/McDonald's+Dossobuono/@45.389607,10.9007287,17z/data=!4m6!3m5!1s0x4781e089d18461af:0x1eed8b83b934aa4c!8m2!3d45.389607!4d10.9033036!16s%2Fg%2F11cs39j4gr?entry=ttu&g_ep=EgoyMDI1MDQzMC4xIKXMDSoASAFQAw%3D%3D",2025-11-24 10:53:15,Not too busy
"4.0 (4,217)","https://www.google.it/maps/place/McDonald's+Dossobuono/@45.389607,10.9007287,17z/data=!4m6!3m5!1s0x4781e089d18461af:0x1eed8b83b934aa4c!8m2!3d45.389607!4d10.9033036!16s%2Fg%2F11cs39j4gr?entry=ttu&g_ep=EgoyMDI1MDQzMC4xIKXMDSoASAFQAw%3D%3D",2025-11-24 11:21:57,A little busy
"4.0 (4,217)","https://www.google.it/maps/place/McDonald's+Dossobuono/@45.389607,10.9007287,17z/data=!4m6!3m5!1s0x4781e089d18461af:0x1eed8b83b934aa4c!8m2!3d45.389607!4d10.9033036!16s%2Fg%2F11cs39j4gr?entry=ttu&g_ep=EgoyMDI1MDQzMC4xIKXMDSoASAFQAw%3D%3D",2025-11-24 12:53:37,Not too busy
"4.0 (4,217)","https://www.google.it/maps/place/McDonald's+Dossobuono/@45.389607,10.9007287,17z/data=!4m6!3m5!1s0x4781e089d18461af:0x1eed8b83b934aa4c!8m2!3d45.389607!4d10.9033036!16s%2Fg%2F11cs39j4gr?entry=ttu&g_ep=EgoyMDI1MDQzMC4xIKXMDSoASAFQAw%3D%3D",2025-11-24 13:36:48,A little busy
"4.0 (4,217)","https://www.google.it/maps/place/McDonald's+Dossobuono/@45.389607,10.9007287,17z/data=!4m6!3m5!1s0x4781e089d18461af:0x1eed8b83b934aa4c!8m2!3d45.389607!4d10.9033036!16s%2Fg%2F11cs39j4gr?entry=ttu&g_ep=EgoyMDI1MDQzMC4xIKXMDSoASAFQAw%3D%3D",2025-11-24 13:54:52,A little busy
"4.0 (4,217)","https://www.google.it/maps/place/McDonald's+Dossobuono/@45.389607,10.9007287,17z/data=!4m6!3m5!1s0x4781e089d18461af:0x1eed8b83b934aa4c!8m2!3d45.389607!4d10.9033036!16s%2Fg%2F11cs39j4gr?entry=ttu&g_ep=EgoyMDI1MDQzMC4xIKXMDSoASAFQAw%3D%3D",2025-11-24 14:26:38,Not too busy
"4.0 (4,217)","https://www.google.it/maps/place/McDonald's+Dossobuono/@45.389607,10.9007287,17z/data=!4m6!3m5!1s0x4781e089d18461af:0x1eed8b83b934aa4c!8m2!3d45.389607!4d10.9033036!16s%2Fg%2F11cs39j4gr?entry=ttu&g_ep=EgoyMDI1MDQzMC4xIKXMDSoASAFQAw%3D%3D",2025-11-24 14:53:13,Not too busy
"4.0 (4,217)","https://www.google.it/maps/place/McDonald's+Dossobuono/@45.389607,10.9007287,17z/data=!4m6!3m5!1s0x4781e089d18461af:0x1eed8b83b934aa4c!8m2!3d45.389607!4d10.9033036!16s%2Fg%2F11cs39j4gr?entry=ttu&g_ep=EgoyMDI1MDQzMC4xIKXMDSoASAFQAw%3D%3D",2025-11-24 15:28:46,Not too busy
"4.0 (4,217)","https://www.google.it/maps/place/McDonald's+Dossobuono/@45.389607,10.9007287,17z/data=!4m6!3m5!1s0x4781e089d18461af:0x1eed8b83b934aa4c!8m2!3d45.389607!4d10.9033036!16s%2Fg%2F11cs39j4gr?entry=ttu&g_ep=EgoyMDI1MDQzMC4xIKXMDSoASAFQAw%3D%3D",2025-11-24 16:28:26,Not too busy
"4.0 (4,217)","https://www.google.it/maps/place/McDonald's+Dossobuono/@45.389607,10.9007287,17z/data=!4m6!3m5!1s0x4781e089d18461af:0x1eed8b83b934aa4c!8m2!3d45.389607!4d10.9033036!16s%2Fg%2F11cs39j4gr?entry=ttu&g_ep=EgoyMDI1MDQzMC4xIKXMDSoASAFQAw%3D%3D",2025-11-24 16:53:21,Not too busy
"4.0 (4,217)","https://www.google.it/maps/place/McDonald's+Dossobuono/@45.389607,10.9007287,17z/data=!4m6!3m5!1s0x4781e089d18461af:0x1eed8b83b934aa4c!8m2!3d45.389607!4d10.9033036!16s%2Fg%2F11cs39j4gr?entry=ttu&g_ep=EgoyMDI1MDQzMC4xIKXMDSoASAFQAw%3D%3D",2025-11-24 17:23:55,Not too busy
"4.0 (4,217)","https://www.google.it/maps/place/McDonald's+Dossobuono/@45.389607,10.9007287,17z/data=!4m6!3m5!1s0x4781e089d18461af:0x1eed8b83b934aa4c!8m2!3d45.389607!4d10.9033036!16s%2Fg%2F11cs39j4gr?entry=ttu&g_ep=EgoyMDI1MDQzMC4xIKXMDSoASAFQAw%3D%3D",2025-11-24 17:50:32,Not too busy
"4.0 (4,217)","https://www.google.it/maps/place/McDonald's+Dossobuono/@45.389607,10.9007287,17z/data=!4m6!3m5!1s0x4781e089d18461af:0x1eed8b83b934aa4c!8m2!3d45.389607!4d10.9033036!16s%2Fg%2F11cs39j4gr?entry=ttu&g_ep=EgoyMDI1MDQzMC4xIKXMDSoASAFQAw%3D%3D",2025-11-24 18:36:30,Not too busy
"4.0 (4,217)","https://www.google.it/maps/place/McDonald's+Dossobuono/@45.389607,10.9007287,17z/data=!4m6!3m5!1s0x4781e089d18461af:0x1eed8b83b934aa4c!8m2!3d45.389607!4d10.9033036!16s%2Fg%2F11cs39j4gr?entry=ttu&g_ep=EgoyMDI1MDQzMC4xIKXMDSoASAFQAw%3D%3D",2025-11-24 18:56:48,Not too busy
"4.0 (4,227)","https://www.google.it/maps/place/McDonald's+Dossobuono/@45.389607,10.9007287,17z/data=!4m6!3m5!1s0x4781e089d18461af:0x1eed8b83b934aa4c!8m2!3d45.389607!4d10.9033036!16s%2Fg%2F11cs39j4gr?entry=ttu&g_ep=EgoyMDI1MDQzMC4xIKXMDSoASAFQAw%3D%3D",2025-12-09 19:32:16,Not too busy
"4.0 (4,227)","https://www.google.it/maps/place/McDonald's+Dossobuono/@45.389607,10.9007287,17z/data=!4m6!3m5!1s0x4781e089d18461af:0x1eed8b83b934aa4c!8m2!3d45.389607!4d10.9033036!16s%2Fg%2F11cs39j4gr?entry=ttu&g_ep=EgoyMDI1MDQzMC4xIKXMDSoASAFQAw%3D%3D",2025-12-10 10:49:09,Not too busy
"4.0 (4,227)","https://www.google.it/maps/place/McDonald's+Dossobuono/@45.389607,10.9007287,17z/data=!4m6!3m5!1s0x4781e089d18461af:0x1eed8b83b934aa4c!8m2!3d45.389607!4d10.9033036!16s%2Fg%2F11cs39j4gr?entry=ttu&g_ep=EgoyMDI1MDQzMC4xIKXMDSoASAFQAw%3D%3D",2025-12-10 10:56:07,Not too busy
"4.0 (4,227)","https://www.google.it/maps/place/McDonald's+Dossobuono/@45.389607,10.9007287,17z/data=!4m6!3m5!1s0x4781e089d18461af:0x1eed8b83b934aa4c!8m2!3d45.389607!4d10.9033036!16s%2Fg%2F11cs39j4gr?entry=ttu&g_ep=EgoyMDI1MDQzMC4xIKXMDSoASAFQAw%3D%3D",2025-12-10 11:24:27,Not busy
"4.0 (4,227)","https://www.google.it/maps/place/McDonald's+Dossobuono/@45.389607,10.9007287,17z/data=!4m6!3m5!1s0x4781e089d18461af:0x1eed8b83b934aa4c!8m2!3d45.389607!4d10.9033036!16s%2Fg%2F11cs39j4gr?entry=ttu&g_ep=EgoyMDI1MDQzMC4xIKXMDSoASAFQAw%3D%3D",2025-12-10 11:49:16,Not busy
"4.0 (4,227)","https://www.google.it/maps/place/McDonald's+Dossobuono/@45.389607,10.9007287,17z/data=!4m6!3m5!1s0x4781e089d18461af:0x1eed8b83b934aa4c!8m2!3d45.389607!4d10.9033036!16s%2Fg%2F11cs39j4gr?entry=ttu&g_ep=EgoyMDI1MDQzMC4xIKXMDSoASAFQAw%3D%3D",2025-12-10 12:55:44,A little busy
"4.0 (4,227)","https://www.google.it/maps/place/McDonald's+Dossobuono/@45.389607,10.9007287,17z/data=!4m6!3m5!1s0x4781e089d18461af:0x1eed8b83b934aa4c!8m2!3d45.389607!4d10.9033036!16s%2Fg%2F11cs39j4gr?entry=ttu&g_ep=EgoyMDI1MDQzMC4xIKXMDSoASAFQAw%3D%3D",2025-12-10 14:28:26,Busier than usual
"4.0 (4,227)","https://www.google.it/maps/place/McDonald's+Dossobuono/@45.389607,10.9007287,17z/data=!4m6!3m5!1s0x4781e089d18461af:0x1eed8b83b934aa4c!8m2!3d45.389607!4d10.9033036!16s%2Fg%2F11cs39j4gr?entry=ttu&g_ep=EgoyMDI1MDQzMC4xIKXMDSoASAFQAw%3D%3D",2025-12-10 14:56:48,Busier than usual
"4.0 (4,227)","https://www.google.it/maps/place/McDonald's+Dossobuono/@45.389607,10.9007287,17z/data=!4m6!3m5!1s0x4781e089d18461af:0x1eed8b83b934aa4c!8m2!3d45.389607!4d10.9033036!16s%2Fg%2F11cs39j4gr?entry=ttu&g_ep=EgoyMDI1MDQzMC4xIKXMDSoASAFQAw%3D%3D",2025-12-10 16:34:27,A little busy
"4.0 (4,227)","https://www.google.it/maps/place/McDonald's+Dossobuono/@45.389607,10.9007287,17z/data=!4m6!3m5!1s0x4781e089d18461af:0x1eed8b83b934aa4c!8m2!3d45.389607!4d10.9033036!16s%2Fg%2F11cs39j4gr?entry=ttu&g_ep=EgoyMDI1MDQzMC4xIKXMDSoASAFQAw%3D%3D",2025-12-10 16:58:22,A little busy
"4.0 (4,227)","https://www.google.it/maps/place/McDonald's+Dossobuono/@45.389607,10.9007287,17z/data=!4m6!3m5!1s0x4781e089d18461af:0x1eed8b83b934aa4c!8m2!3d45.389607!4d10.9033036!16s%2Fg%2F11cs39j4gr?entry=ttu&g_ep=EgoyMDI1MDQzMC4xIKXMDSoASAFQAw%3D%3D",2025-12-10 17:32:51,A little busy
"4.0 (4,227)","https://www.google.it/maps/place/McDonald's+Dossobuono/@45.389607,10.9007287,17z/data=!4m6!3m5!1s0x4781e089d18461af:0x1eed8b83b934aa4c!8m2!3d45.389607!4d10.9033036!16s%2Fg%2F11cs39j4gr?entry=ttu&g_ep=EgoyMDI1MDQzMC4xIKXMDSoASAFQAw%3D%3D",2025-12-10 17:52:46,A little busy
"4.0 (4,227)","https://www.google.it/maps/place/McDonald's+Dossobuono/@45.389607,10.9007287,17z/data=!4m6!3m5!1s0x4781e089d18461af:0x1eed8b83b934aa4c!8m2!3d45.389607!4d10.9033036!16s%2Fg%2F11cs39j4gr?entry=ttu&g_ep=EgoyMDI1MDQzMC4xIKXMDSoASAFQAw%3D%3D",2025-12-10 18:37:16,A little busy
"4.0 (4,227)","https://www.google.it/maps/place/McDonald's+Dossobuono/@45.389607,10.9007287,17z/data=!4m6!3m5!1s0x4781e089d18461af:0x1eed8b83b934aa4c!8m2!3d45.389607!4d10.9033036!16s%2Fg%2F11cs39j4gr?entry=ttu&g_ep=EgoyMDI1MDQzMC4xIKXMDSoASAFQAw%3D%3D",2025-12-10 18:58:26,A little busy
"4.0 (4,227)","https://www.google.it/maps/place/McDonald's+Dossobuono/@45.389607,10.9007287,17z/data=!4m6!3m5!1s0x4781e089d18461af:0x1eed8b83b934aa4c!8m2!3d45.389607!4d10.9033036!16s%2Fg%2F11cs39j4gr?entry=ttu&g_ep=EgoyMDI1MDQzMC4xIKXMDSoASAFQAw%3D%3D",2025-12-10 19:26:08,Busier than usual
"4.0 (4,227)","https://www.google.it/maps/place/McDonald's+Dossobuono/@45.389607,10.9007287,17z/data=!4m6!3m5!1s0x4781e089d18461af:0x1eed8b83b934aa4c!8m2!3d45.389607!4d10.9033036!16s%2Fg%2F11cs39j4gr?entry=ttu&g_ep=EgoyMDI1MDQzMC4xIKXMDSoASAFQAw%3D%3D",2025-12-10 19:48:36,Busier than usual
"4.0 (4,227)","https://www.google.it/maps/place/McDonald's+Dossobuono/@45.389607,10.9007287,17z/data=!4m6!3m5!1s0x4781e089d18461af:0x1eed8b83b934aa4c!8m2!3d45.389607!4d10.9033036!16s%2Fg%2F11cs39j4gr?entry=ttu&g_ep=EgoyMDI1MDQzMC4xIKXMDSoASAFQAw%3D%3D",2025-12-10 20:31:13,Busier than usual
"4.0 (4,227)","https://www.google.it/maps/place/McDonald's+Dossobuono/@45.389607,10.9007287,17z/data=!4m6!3m5!1s0x4781e089d18461af:0x1eed8b83b934aa4c!8m2!3d45.389607!4d10.9033036!16s%2Fg%2F11cs39j4gr?entry=ttu&g_ep=EgoyMDI1MDQzMC4xIKXMDSoASAFQAw%3D%3D",2025-12-10 20:55:16,Busier than usual
"4.0 (4,227)","https://www.google.it/maps/place/McDonald's+Dossobuono/@45.389607,10.9007287,17z/data=!4m6!3m5!1s0x4781e089d18461af:0x1eed8b83b934aa4c!8m2!3d45.389607!4d10.9033036!16s%2Fg%2F11cs39j4gr?entry=ttu&g_ep=EgoyMDI1MDQzMC4xIKXMDSoASAFQAw%3D%3D",2025-12-10 21:27:49,A little busy
"4.0 (4,227)","https://www.google.it/maps/place/McDonald's+Dossobuono/@45.389607,10.9007287,17z/data=!4m6!3m5!1s0x4781e089d18461af:0x1eed8b83b934aa4c!8m2!3d45.389607!4d10.9033036!16s%2Fg%2F11cs39j4gr?entry=ttu&g_ep=EgoyMDI1MDQzMC4xIKXMDSoASAFQAw%3D%3D",2025-12-10 22:51:46,A little busy
"4.0 (4,227)","https://www.google.it/maps/place/McDonald's+Dossobuono/@45.389607,10.9007287,17z/data=!4m6!3m5!1s0x4781e089d18461af:0x1eed8b83b934aa4c!8m2!3d45.389607!4d10.9033036!16s%2Fg%2F11cs39j4gr?entry=ttu&g_ep=EgoyMDI1MDQzMC4xIKXMDSoASAFQAw%3D%3D",2025-12-10 23:22:55,Not too busy
"4.0 (4,227)","https://www.google.it/maps/place/McDonald's+Dossobuono/@45.389607,10.9007287,17z/data=!4m6!3m5!1s0x4781e089d18461af:0x1eed8b83b934aa4c!8m2!3d45.389607!4d10.9033036!16s%2Fg%2F11cs39j4gr?entry=ttu&g_ep=EgoyMDI1MDQzMC4xIKXMDSoASAFQAw%3D%3D",2025-12-10 23:48:29,Not too busy
"4.0 (4,227)","https://www.google.it/maps/place/McDonald's+Dossobuono/@45.389607,10.9007287,17z/data=!4m6!3m5!1s0x4781e089d18461af:0x1eed8b83b934aa4c!8m2!3d45.389607!4d10.9033036!16s%2Fg%2F11cs39j4gr?entry=ttu&g_ep=EgoyMDI1MDQzMC4xIKXMDSoASAFQAw%3D%3D",2025-12-11 07:28:41,A little busy
"4.0 (4,227)","https://www.google.it/maps/place/McDonald's+Dossobuono/@45.389607,10.9007287,17z/data=!4m6!3m5!1s0x4781e089d18461af:0x1eed8b83b934aa4c!8m2!3d45.389607!4d10.9033036!16s%2Fg%2F11cs39j4gr?entry=ttu&g_ep=EgoyMDI1MDQzMC4xIKXMDSoASAFQAw%3D%3D",2025-12-11 09:53:46,Not busy
"4.0 (4,227)","https://www.google.it/maps/place/McDonald's+Dossobuono/@45.389607,10.9007287,17z/data=!4m6!3m5!1s0x4781e089d18461af:0x1eed8b83b934aa4c!8m2!3d45.389607!4d10.9033036!16s%2Fg%2F11cs39j4gr?entry=ttu&g_ep=EgoyMDI1MDQzMC4xIKXMDSoASAFQAw%3D%3D",2025-12-11 10:30:42,Busier than usual
"4.0 (4,227)","https://www.google.it/maps/place/McDonald's+Dossobuono/@45.389607,10.9007287,17z/data=!4m6!3m5!1s0x4781e089d18461af:0x1eed8b83b934aa4c!8m2!3d45.389607!4d10.9033036!16s%2Fg%2F11cs39j4gr?entry=ttu&g_ep=EgoyMDI1MDQzMC4xIKXMDSoASAFQAw%3D%3D",2025-12-11 11:24:46,Not too busy
"4.0 (4,227)","https://www.google.it/maps/place/McDonald's+Dossobuono/@45.389607,10.9007287,17z/data=!4m6!3m5!1s0x4781e089d18461af:0x1eed8b83b934aa4c!8m2!3d45.389607!4d10.9033036!16s%2Fg%2F11cs39j4gr?entry=ttu&g_ep=EgoyMDI1MDQzMC4xIKXMDSoASAFQAw%3D%3D",2025-12-11 12:56:45,Not too busy
"4.0 (4,227)","https://www.google.it/maps/place/McDonald's+Dossobuono/@45.389607,10.9007287,17z/data=!4m6!3m5!1s0x4781e089d18461af:0x1eed8b83b934aa4c!8m2!3d45.389607!4d10.9033036!16s%2Fg%2F11cs39j4gr?entry=ttu&g_ep=EgoyMDI1MDQzMC4xIKXMDSoASAFQAw%3D%3D",2025-12-11 13:44:28,A little busy
"4.0 (4,227)","https://www.google.it/maps/place/McDonald's+Dossobuono/@45.389607,10.9007287,17z/data=!4m6!3m5!1s0x4781e089d18461af:0x1eed8b83b934aa4c!8m2!3d45.389607!4d10.9033036!16s%2Fg%2F11cs39j4gr?entry=ttu&g_ep=EgoyMDI1MDQzMC4xIKXMDSoASAFQAw%3D%3D",2025-12-11 14:27:19,Not too busy
"4.0 (4,227)","https://www.google.it/maps/place/McDonald's+Dossobuono/@45.389607,10.9007287,17z/data=!4m6!3m5!1s0x4781e089d18461af:0x1eed8b83b934aa4c!8m2!3d45.389607!4d10.9033036!16s%2Fg%2F11cs39j4gr?entry=ttu&g_ep=EgoyMDI1MDQzMC4xIKXMDSoASAFQAw%3D%3D",2025-12-11 15:31:39,A little busy
"4.0 (4,227)","https://www.google.it/maps/place/McDonald's+Dossobuono/@45.389607,10.9007287,17z/data=!4m6!3m5!1s0x4781e089d18461af:0x1eed8b83b934aa4c!8m2!3d45.389607!4d10.9033036!16s%2Fg%2F11cs39j4gr?entry=ttu&g_ep=EgoyMDI1MDQzMC4xIKXMDSoASAFQAw%3D%3D",2025-12-11 17:49:57,Not too busy
"4.0 (4,227)","https://www.google.it/maps/place/McDonald's+Dossobuono/@45.389607,10.9007287,17z/data=!4m6!3m5!1s0x4781e089d18461af:0x1eed8b83b934aa4c!8m2!3d45.389607!4d10.9033036!16s%2Fg%2F11cs39j4gr?entry=ttu&g_ep=EgoyMDI1MDQzMC4xIKXMDSoASAFQAw%3D%3D",2025-12-11 18:37:51,Not too busy
"4.0 (4,227)","https://www.google.it/maps/place/McDonald's+Dossobuono/@45.389607,10.9007287,17z/data=!4m6!3m5!1s0x4781e089d18461af:0x1eed8b83b934aa4c!8m2!3d45.389607!4d10.9033036!16s%2Fg%2F11cs39j4gr?entry=ttu&g_ep=EgoyMDI1MDQzMC4xIKXMDSoASAFQAw%3D%3D",2025-12-11 18:59:51,Not too busy
"4.0 (4,227)","https://www.google.it/maps/place/McDonald's+Dossobuono/@45.389607,10.9007287,17z/data=!4m6!3m5!1s0x4781e089d18461af:0x1eed8b83b934aa4c!8m2!3d45.389607!4d10.9033036!16s%2Fg%2F11cs39j4gr?entry=ttu&g_ep=EgoyMDI1MDQzMC4xIKXMDSoASAFQAw%3D%3D",2025-12-11 19:28:35,Busier than usual
"4.0 (4,227)","https://www.google.it/maps/place/McDonald's+Dossobuono/@45.389607,10.9007287,17z/data=!4m6!3m5!1s0x4781e089d18461af:0x1eed8b83b934aa4c!8m2!3d45.389607!4d10.9033036!16s%2Fg%2F11cs39j4gr?entry=ttu&g_ep=EgoyMDI1MDQzMC4xIKXMDSoASAFQAw%3D%3D",2025-12-11 19:48:47,Busier than usual
"4.0 (4,227)","https://www.google.it/maps/place/McDonald's+Dossobuono/@45.389607,10.9007287,17z/data=!4m6!3m5!1s0x4781e089d18461af:0x1eed8b83b934aa4c!8m2!3d45.389607!4d10.9033036!16s%2Fg%2F11cs39j4gr?entry=ttu&g_ep=EgoyMDI1MDQzMC4xIKXMDSoASAFQAw%3D%3D",2025-12-11 20:50:03,A little busy
"4.0 (4,227)","https://www.google.it/maps/place/McDonald's+Dossobuono/@45.389607,10.9007287,17z/data=!4m6!3m5!1s0x4781e089d18461af:0x1eed8b83b934aa4c!8m2!3d45.389607!4d10.9033036!16s%2Fg%2F11cs39j4gr?entry=ttu&g_ep=EgoyMDI1MDQzMC4xIKXMDSoASAFQAw%3D%3D",2025-12-11 21:48:57,A little busy
"4.0 (4,227)","https://www.google.it/maps/place/McDonald's+Dossobuono/@45.389607,10.9007287,17z/data=!4m6!3m5!1s0x4781e089d18461af:0x1eed8b83b934aa4c!8m2!3d45.389607!4d10.9033036!16s%2Fg%2F11cs39j4gr?entry=ttu&g_ep=EgoyMDI1MDQzMC4xIKXMDSoASAFQAw%3D%3D",2025-12-11 22:25:37,Busier than usual
"4.0 (4,227)","https://www.google.it/maps/place/McDonald's+Dossobuono/@45.389607,10.9007287,17z/data=!4m6!3m5!1s0x4781e089d18461af:0x1eed8b83b934aa4c!8m2!3d45.389607!4d10.9033036!16s%2Fg%2F11cs39j4gr?entry=ttu&g_ep=EgoyMDI1MDQzMC4xIKXMDSoASAFQAw%3D%3D",2025-12-11 22:52:08,Busier than usual
"4.0 (4,227)","https://www.google.it/maps/place/McDonald's+Dossobuono/@45.389607,10.9007287,17z/data=!4m6!3m5!1s0x4781e089d18461af:0x1eed8b83b934aa4c!8m2!3d45.389607!4d10.9033036!16s%2Fg%2F11cs39j4gr?entry=ttu&g_ep=EgoyMDI1MDQzMC4xIKXMDSoASAFQAw%3D%3D",2025-12-11 23:49:00,Not too busy
"4.0 (4,227)","https://www.google.it/maps/place/McDonald's+Dossobuono/@45.389607,10.9007287,17z/data=!4m6!3m5!1s0x4781e089d18461af:0x1eed8b83b934aa4c!8m2!3d45.389607!4d10.9033036!16s%2Fg%2F11cs39j4gr?entry=ttu&g_ep=EgoyMDI1MDQzMC4xIKXMDSoASAFQAw%3D%3D",2025-12-12 06:40:21,Not too busy
"4.0 (4,227)","https://www.google.it/maps/place/McDonald's+Dossobuono/@45.389607,10.9007287,17z/data=!4m6!3m5!1s0x4781e089d18461af:0x1eed8b83b934aa4c!8m2!3d45.389607!4d10.9033036!16s%2Fg%2F11cs39j4gr?entry=ttu&g_ep=EgoyMDI1MDQzMC4xIKXMDSoASAFQAw%3D%3D",2025-12-12 08:36:31,Not too busy
"4.0 (4,227)","https://www.google.it/maps/place/McDonald's+Dossobuono/@45.389607,10.9007287,17z/data=!4m6!3m5!1s0x4781e089d18461af:0x1eed8b83b934aa4c!8m2!3d45.389607!4d10.9033036!16s%2Fg%2F11cs39j4gr?entry=ttu&g_ep=EgoyMDI1MDQzMC4xIKXMDSoASAFQAw%3D%3D",2025-12-12 08:59:39,Not too busy
"4.0 (4,227)","https://www.google.it/maps/place/McDonald's+Dossobuono/@45.389607,10.9007287,17z/data=!4m6!3m5!1s0x4781e089d18461af:0x1eed8b83b934aa4c!8m2!3d45.389607!4d10.9033036!16s%2Fg%2F11cs39j4gr?entry=ttu&g_ep=EgoyMDI1MDQzMC4xIKXMDSoASAFQAw%3D%3D",2025-12-12 09:34:45,A little busy
"4.0 (4,227)","https://www.google.it/maps/place/McDonald's+Dossobuono/@45.389607,10.9007287,17z/data=!4m6!3m5!1s0x4781e089d18461af:0x1eed8b83b934aa4c!8m2!3d45.389607!4d10.9033036!16s%2Fg%2F11cs39j4gr?entry=ttu&g_ep=EgoyMDI1MDQzMC4xIKXMDSoASAFQAw%3D%3D",2025-12-12 09:53:11,A little busy
"4.0 (4,227)","https://www.google.it/maps/place/McDonald's+Dossobuono/@45.389607,10.9007287,17z/data=!4m6!3m5!1s0x4781e089d18461af:0x1eed8b83b934aa4c!8m2!3d45.389607!4d10.9033036!16s%2Fg%2F11cs39j4gr?entry=ttu&g_ep=EgoyMDI1MDQzMC4xIKXMDSoASAFQAw%3D%3D",2025-12-12 10:29:37,Less busy than usual
"4.0 (4,227)","https://www.google.it/maps/place/McDonald's+Dossobuono/@45.389607,10.9007287,17z/data=!4m6!3m5!1s0x4781e089d18461af:0x1eed8b83b934aa4c!8m2!3d45.389607!4d10.9033036!16s%2Fg%2F11cs39j4gr?entry=ttu&g_ep=EgoyMDI1MDQzMC4xIKXMDSoASAFQAw%3D%3D",2025-12-12 11:48:54,As busy as it gets
"4.0 (4,227)","https://www.google.it/maps/place/McDonald's+Dossobuono/@45.389607,10.9007287,17z/data=!4m6!3m5!1s0x4781e089d18461af:0x1eed8b83b934aa4c!8m2!3d45.389607!4d10.9033036!16s%2Fg%2F11cs39j4gr?entry=ttu&g_ep=EgoyMDI1MDQzMC4xIKXMDSoASAFQAw%3D%3D",2025-12-12 12:54:20,Busier than usual
"4.0 (4,227)","https://www.google.it/maps/place/McDonald's+Dossobuono/@45.389607,10.9007287,17z/data=!4m6!3m5!1s0x4781e089d18461af:0x1eed8b83b934aa4c!8m2!3d45.389607!4d10.9033036!16s%2Fg%2F11cs39j4gr?entry=ttu&g_ep=EgoyMDI1MDQzMC4xIKXMDSoASAFQAw%3D%3D",2025-12-12 14:26:31,Busier than usual
"4.0 (4,227)","https://www.google.it/maps/place/McDonald's+Dossobuono/@45.389607,10.9007287,17z/data=!4m6!3m5!1s0x4781e089d18461af:0x1eed8b83b934aa4c!8m2!3d45.389607!4d10.9033036!16s%2Fg%2F11cs39j4gr?entry=ttu&g_ep=EgoyMDI1MDQzMC4xIKXMDSoASAFQAw%3D%3D",2025-12-12 15:52:22,Busier than usual
"4.0 (4,227)","https://www.google.it/maps/place/McDonald's+Dossobuono/@45.389607,10.9007287,17z/data=!4m6!3m5!1s0x4781e089d18461af:0x1eed8b83b934aa4c!8m2!3d45.389607!4d10.9033036!16s%2Fg%2F11cs39j4gr?entry=ttu&g_ep=EgoyMDI1MDQzMC4xIKXMDSoASAFQAw%3D%3D",2025-12-12 16:32:26,A little busy
"4.0 (4,227)","https://www.google.it/maps/place/McDonald's+Dossobuono/@45.389607,10.9007287,17z/data=!4m6!3m5!1s0x4781e089d18461af:0x1eed8b83b934aa4c!8m2!3d45.389607!4d10.9033036!16s%2Fg%2F11cs39j4gr?entry=ttu&g_ep=EgoyMDI1MDQzMC4xIKXMDSoASAFQAw%3D%3D",2025-12-12 17:24:49,As busy as it gets
"4.0 (4,227)","https://www.google.it/maps/place/McDonald's+Dossobuono/@45.389607,10.9007287,17z/data=!4m6!3m5!1s0x4781e089d18461af:0x1eed8b83b934aa4c!8m2!3d45.389607!4d10.9033036!16s%2Fg%2F11cs39j4gr?entry=ttu&g_ep=EgoyMDI1MDQzMC4xIKXMDSoASAFQAw%3D%3D",2025-12-12 18:58:29,A little busy
"4.0 (4,227)","https://www.google.it/maps/place/McDonald's+Dossobuono/@45.389607,10.9007287,17z/data=!4m6!3m5!1s0x4781e089d18461af:0x1eed8b83b934aa4c!8m2!3d45.389607!4d10.9033036!16s%2Fg%2F11cs39j4gr?entry=ttu&g_ep=EgoyMDI1MDQzMC4xIKXMDSoASAFQAw%3D%3D",2025-12-12 19:47:40,Less busy than usual
"4.0 (4,227)","https://www.google.it/maps/place/McDonald's+Dossobuono/@45.389607,10.9007287,17z/data=!4m6!3m5!1s0x4781e089d18461af:0x1eed8b83b934aa4c!8m2!3d45.389607!4d10.9033036!16s%2Fg%2F11cs39j4gr?entry=ttu&g_ep=EgoyMDI1MDQzMC4xIKXMDSoASAFQAw%3D%3D",2025-12-12 20:28:44,As busy as it gets
"4.0 (4,227)","https://www.google.it/maps/place/McDonald's+Dossobuono/@45.389607,10.9007287,17z/data=!4m6!3m5!1s0x4781e089d18461af:0x1eed8b83b934aa4c!8m2!3d45.389607!4d10.9033036!16s%2Fg%2F11cs39j4gr?entry=ttu&g_ep=EgoyMDI1MDQzMC4xIKXMDSoASAFQAw%3D%3D",2025-12-12 20:53:02,As busy as it gets
"4.0 (4,227)","https://www.google.it/maps/place/McDonald's+Dossobuono/@45.389607,10.9007287,17z/data=!4m6!3m5!1s0x4781e089d18461af:0x1eed8b83b934aa4c!8m2!3d45.389607!4d10.9033036!16s%2Fg%2F11cs39j4gr?entry=ttu&g_ep=EgoyMDI1MDQzMC4xIKXMDSoASAFQAw%3D%3D",2025-12-12 21:48:12,As busy as it gets
"4.0 (4,227)","https://www.google.it/maps/place/McDonald's+Dossobuono/@45.389607,10.9007287,17z/data=!4m6!3m5!1s0x4781e089d18461af:0x1eed8b83b934aa4c!8m2!3d45.389607!4d10.9033036!16s%2Fg%2F11cs39j4gr?entry=ttu&g_ep=EgoyMDI1MDQzMC4xIKXMDSoASAFQAw%3D%3D",2025-12-12 22:25:21,Busier than usual
"4.0 (4,227)","https://www.google.it/maps/place/McDonald's+Dossobuono/@45.389607,10.9007287,17z/data=!4m6!3m5!1s0x4781e089d18461af:0x1eed8b83b934aa4c!8m2!3d45.389607!4d10.9033036!16s%2Fg%2F11cs39j4gr?entry=ttu&g_ep=EgoyMDI1MDQzMC4xIKXMDSoASAFQAw%3D%3D",2025-12-12 22:50:48,Busier than usual
"4.0 (4,227)","https://www.google.it/maps/place/McDonald's+Dossobuono/@45.389607,10.9007287,17z/data=!4m6!3m5!1s0x4781e089d18461af:0x1eed8b83b934aa4c!8m2!3d45.389607!4d10.9033036!16s%2Fg%2F11cs39j4gr?entry=ttu&g_ep=EgoyMDI1MDQzMC4xIKXMDSoASAFQAw%3D%3D",2025-12-12 23:48:02,A little busy
"4.0 (4,227)","https://www.google.it/maps/place/McDonald's+Dossobuono/@45.389607,10.9007287,17z/data=!4m6!3m5!1s0x4781e089d18461af:0x1eed8b83b934aa4c!8m2!3d45.389607!4d10.9033036!16s%2Fg%2F11cs39j4gr?entry=ttu&g_ep=EgoyMDI1MDQzMC4xIKXMDSoASAFQAw%3D%3D",2025-12-13 01:55:22,Not busy
"4.0 (4,227)","https://www.google.it/maps/place/McDonald's+Dossobuono/@45.389607,10.9007287,17z/data=!4m6!3m5!1s0x4781e089d18461af:0x1eed8b83b934aa4c!8m2!3d45.389607!4d10.9033036!16s%2Fg%2F11cs39j4gr?entry=ttu&g_ep=EgoyMDI1MDQzMC4xIKXMDSoASAFQAw%3D%3D",2025-12-13 06:36:47,Not too busy
"4.0 (4,227)","https://www.google.it/maps/place/McDonald's+Dossobuono/@45.389607,10.9007287,17z/data=!4m6!3m5!1s0x4781e089d18461af:0x1eed8b83b934aa4c!8m2!3d45.389607!4d10.9033036!16s%2Fg%2F11cs39j4gr?entry=ttu&g_ep=EgoyMDI1MDQzMC4xIKXMDSoASAFQAw%3D%3D",2025-12-13 06:56:17,Not too busy
"4.0 (4,227)","https://www.google.it/maps/place/McDonald's+Dossobuono/@45.389607,10.9007287,17z/data=!4m6!3m5!1s0x4781e089d18461af:0x1eed8b83b934aa4c!8m2!3d45.389607!4d10.9033036!16s%2Fg%2F11cs39j4gr?entry=ttu&g_ep=EgoyMDI1MDQzMC4xIKXMDSoASAFQAw%3D%3D",2025-12-13 07:27:54,Busier than usual
"4.0 (4,227)","https://www.google.it/maps/place/McDonald's+Dossobuono/@45.389607,10.9007287,17z/data=!4m6!3m5!1s0x4781e089d18461af:0x1eed8b83b934aa4c!8m2!3d45.389607!4d10.9033036!16s%2Fg%2F11cs39j4gr?entry=ttu&g_ep=EgoyMDI1MDQzMC4xIKXMDSoASAFQAw%3D%3D",2025-12-13 08:31:02,Busier than usual
"4.0 (4,227)","https://www.google.it/maps/place/McDonald's+Dossobuono/@45.389607,10.9007287,17z/data=!4m6!3m5!1s0x4781e089d18461af:0x1eed8b83b934aa4c!8m2!3d45.389607!4d10.9033036!16s%2Fg%2F11cs39j4gr?entry=ttu&g_ep=EgoyMDI1MDQzMC4xIKXMDSoASAFQAw%3D%3D",2025-12-13 09:24:28,A little busy
"4.0 (4,227)","https://www.google.it/maps/place/McDonald's+Dossobuono/@45.389607,10.9007287,17z/data=!4m6!3m5!1s0x4781e089d18461af:0x1eed8b83b934aa4c!8m2!3d45.389607!4d10.9033036!16s%2Fg%2F11cs39j4gr?entry=ttu&g_ep=EgoyMDI1MDQzMC4xIKXMDSoASAFQAw%3D%3D",2025-12-13 10:49:40,Not too busy
"4.0 (4,226)","https://www.google.it/maps/place/McDonald's+Dossobuono/@45.389607,10.9007287,17z/data=!4m6!3m5!1s0x4781e089d18461af:0x1eed8b83b934aa4c!8m2!3d45.389607!4d10.9033036!16s%2Fg%2F11cs39j4gr?entry=ttu&g_ep=EgoyMDI1MDQzMC4xIKXMDSoASAFQAw%3D%3D",2025-12-13 12:48:46,As busy as it gets
"4.0 (4,226)","https://www.google.it/maps/place/McDonald's+Dossobuono/@45.389607,10.9007287,17z/data=!4m6!3m5!1s0x4781e089d18461af:0x1eed8b83b934aa4c!8m2!3d45.389607!4d10.9033036!16s%2Fg%2F11cs39j4gr?entry=ttu&g_ep=EgoyMDI1MDQzMC4xIKXMDSoASAFQAw%3D%3D",2025-12-13 13:49:04,Less busy than usual
"4.0 (4,226)","https://www.google.it/maps/place/McDonald's+Dossobuono/@45.389607,10.9007287,17z/data=!4m6!3m5!1s0x4781e089d18461af:0x1eed8b83b934aa4c!8m2!3d45.389607!4d10.9033036!16s%2Fg%2F11cs39j4gr?entry=ttu&g_ep=EgoyMDI1MDQzMC4xIKXMDSoASAFQAw%3D%3D",2025-12-13 14:22:43,Less busy than usual
"4.0 (4,226)","https://www.google.it/maps/place/McDonald's+Dossobuono/@45.389607,10.9007287,17z/data=!4m6!3m5!1s0x4781e089d18461af:0x1eed8b83b934aa4c!8m2!3d45.389607!4d10.9033036!16s%2Fg%2F11cs39j4gr?entry=ttu&g_ep=EgoyMDI1MDQzMC4xIKXMDSoASAFQAw%3D%3D",2025-12-13 16:30:10,A little busy
"4.0 (4,226)","https://www.google.it/maps/place/McDonald's+Dossobuono/@45.389607,10.9007287,17z/data=!4m6!3m5!1s0x4781e089d18461af:0x1eed8b83b934aa4c!8m2!3d45.389607!4d10.9033036!16s%2Fg%2F11cs39j4gr?entry=ttu&g_ep=EgoyMDI1MDQzMC4xIKXMDSoASAFQAw%3D%3D",2025-12-13 17:21:22,Less busy than usual
"4.0 (4,226)","https://www.google.it/maps/place/McDonald's+Dossobuono/@45.389607,10.9007287,17z/data=!4m6!3m5!1s0x4781e089d18461af:0x1eed8b83b934aa4c!8m2!3d45.389607!4d10.9033036!16s%2Fg%2F11cs39j4gr?entry=ttu&g_ep=EgoyMDI1MDQzMC4xIKXMDSoASAFQAw%3D%3D",2025-12-13 18:33:01,Less busy than usual
"4.0 (4,226)","https://www.google.it/maps/place/McDonald's+Dossobuono/@45.389607,10.9007287,17z/data=!4m6!3m5!1s0x4781e089d18461af:0x1eed8b83b934aa4c!8m2!3d45.389607!4d10.9033036!16s%2Fg%2F11cs39j4gr?entry=ttu&g_ep=EgoyMDI1MDQzMC4xIKXMDSoASAFQAw%3D%3D",2025-12-13 19:19:17,As busy as it gets
"4.0 (4,226)","https://www.google.it/maps/place/McDonald's+Dossobuono/@45.389607,10.9007287,17z/data=!4m6!3m5!1s0x4781e089d18461af:0x1eed8b83b934aa4c!8m2!3d45.389607!4d10.9033036!16s%2Fg%2F11cs39j4gr?entry=ttu&g_ep=EgoyMDI1MDQzMC4xIKXMDSoASAFQAw%3D%3D",2025-12-13 19:31:46,As busy as it gets
"4.0 (4,226)","https://www.google.it/maps/place/McDonald's+Dossobuono/@45.389607,10.9007287,17z/data=!4m6!3m5!1s0x4781e089d18461af:0x1eed8b83b934aa4c!8m2!3d45.389607!4d10.9033036!16s%2Fg%2F11cs39j4gr?entry=ttu&g_ep=EgoyMDI1MDQzMC4xIKXMDSoASAFQAw%3D%3D",2025-12-13 19:48:21,As busy as it gets
"4.0 (4,226)","https://www.google.it/maps/place/McDonald's+Dossobuono/@45.389607,10.9007287,17z/data=!4m6!3m5!1s0x4781e089d18461af:0x1eed8b83b934aa4c!8m2!3d45.389607!4d10.9033036!16s%2Fg%2F11cs39j4gr?entry=ttu&g_ep=EgoyMDI1MDQzMC4xIKXMDSoASAFQAw%3D%3D",2025-12-13 21:21:37,A little busy
"4.0 (4,226)","https://www.google.it/maps/place/McDonald's+Dossobuono/@45.389607,10.9007287,17z/data=!4m6!3m5!1s0x4781e089d18461af:0x1eed8b83b934aa4c!8m2!3d45.389607!4d10.9033036!16s%2Fg%2F11cs39j4gr?entry=ttu&g_ep=EgoyMDI1MDQzMC4xIKXMDSoASAFQAw%3D%3D",2025-12-13 21:48:08,A little busy
"4.0 (4,226)","https://www.google.it/maps/place/McDonald's+Dossobuono/@45.389607,10.9007287,17z/data=!4m6!3m5!1s0x4781e089d18461af:0x1eed8b83b934aa4c!8m2!3d45.389607!4d10.9033036!16s%2Fg%2F11cs39j4gr?entry=ttu&g_ep=EgoyMDI1MDQzMC4xIKXMDSoASAFQAw%3D%3D",2025-12-13 22:23:39,Not too busy
"4.0 (4,226)","https://www.google.it/maps/place/McDonald's+Dossobuono/@45.389607,10.9007287,17z/data=!4m6!3m5!1s0x4781e089d18461af:0x1eed8b83b934aa4c!8m2!3d45.389607!4d10.9033036!16s%2Fg%2F11cs39j4gr?entry=ttu&g_ep=EgoyMDI1MDQzMC4xIKXMDSoASAFQAw%3D%3D",2025-12-14 07:24:25,Not busy
"4.0 (4,226)","https://www.google.it/maps/place/McDonald's+Dossobuono/@45.389607,10.9007287,17z/data=!4m6!3m5!1s0x4781e089d18461af:0x1eed8b83b934aa4c!8m2!3d45.389607!4d10.9033036!16s%2Fg%2F11cs39j4gr?entry=ttu&g_ep=EgoyMDI1MDQzMC4xIKXMDSoASAFQAw%3D%3D",2025-12-14 08:53:25,Not too busy
"4.0 (4,226)","https://www.google.it/maps/place/McDonald's+Dossobuono/@45.389607,10.9007287,17z/data=!4m6!3m5!1s0x4781e089d18461af:0x1eed8b83b934aa4c!8m2!3d45.389607!4d10.9033036!16s%2Fg%2F11cs39j4gr?entry=ttu&g_ep=EgoyMDI1MDQzMC4xIKXMDSoASAFQAw%3D%3D",2025-12-14 09:25:25,Not too busy
"4.0 (4,227)","https://www.google.it/maps/place/McDonald's+Dossobuono/@45.389607,10.9007287,17z/data=!4m6!3m5!1s0x4781e089d18461af:0x1eed8b83b934aa4c!8m2!3d45.389607!4d10.9033036!16s%2Fg%2F11cs39j4gr?entry=ttu&g_ep=EgoyMDI1MDQzMC4xIKXMDSoASAFQAw%3D%3D",2025-12-14 10:25:11,Not busy
"4.0 (4,227)","https://www.google.it/maps/place/McDonald's+Dossobuono/@45.389607,10.9007287,17z/data=!4m6!3m5!1s0x4781e089d18461af:0x1eed8b83b934aa4c!8m2!3d45.389607!4d10.9033036!16s%2Fg%2F11cs39j4gr?entry=ttu&g_ep=EgoyMDI1MDQzMC4xIKXMDSoASAFQAw%3D%3D",2025-12-14 11:20:19,Not too busy
"4.0 (4,227)","https://www.google.it/maps/place/McDonald's+Dossobuono/@45.389607,10.9007287,17z/data=!4m6!3m5!1s0x4781e089d18461af:0x1eed8b83b934aa4c!8m2!3d45.389607!4d10.9033036!16s%2Fg%2F11cs39j4gr?entry=ttu&g_ep=EgoyMDI1MDQzMC4xIKXMDSoASAFQAw%3D%3D",2025-12-14 12:49:20,A little busy
"4.0 (4,227)","https://www.google.it/maps/place/McDonald's+Dossobuono/@45.389607,10.9007287,17z/data=!4m6!3m5!1s0x4781e089d18461af:0x1eed8b83b934aa4c!8m2!3d45.389607!4d10.9033036!16s%2Fg%2F11cs39j4gr?entry=ttu&g_ep=EgoyMDI1MDQzMC4xIKXMDSoASAFQAw%3D%3D",2025-12-14 13:31:17,A little busy
"4.0 (4,227)","https://www.google.it/maps/place/McDonald's+Dossobuono/@45.389607,10.9007287,17z/data=!4m6!3m5!1s0x4781e089d18461af:0x1eed8b83b934aa4c!8m2!3d45.389607!4d10.9033036!16s%2Fg%2F11cs39j4gr?entry=ttu&g_ep=EgoyMDI1MDQzMC4xIKXMDSoASAFQAw%3D%3D",2025-12-14 13:49:33,A little busy
"4.0 (4,227)","https://www.google.it/maps/place/McDonald's+Dossobuono/@45.389607,10.9007287,17z/data=!4m6!3m5!1s0x4781e089d18461af:0x1eed8b83b934aa4c!8m2!3d45.389607!4d10.9033036!16s%2Fg%2F11cs39j4gr?entry=ttu&g_ep=EgoyMDI1MDQzMC4xIKXMDSoASAFQAw%3D%3D",2025-12-14 15:23:51,Busier than usual
"4.0 (4,227)","https://www.google.it/maps/place/McDonald's+Dossobuono/@45.389607,10.9007287,17z/data=!4m6!3m5!1s0x4781e089d18461af:0x1eed8b83b934aa4c!8m2!3d45.389607!4d10.9033036!16s%2Fg%2F11cs39j4gr?entry=ttu&g_ep=EgoyMDI1MDQzMC4xIKXMDSoASAFQAw%3D%3D",2025-12-14 15:48:05,Busier than usual
"4.0 (4,227)","https://www.google.it/maps/place/McDonald's+Dossobuono/@45.389607,10.9007287,17z/data=!4m6!3m5!1s0x4781e089d18461af:0x1eed8b83b934aa4c!8m2!3d45.389607!4d10.9033036!16s%2Fg%2F11cs39j4gr?entry=ttu&g_ep=EgoyMDI1MDQzMC4xIKXMDSoASAFQAw%3D%3D",2025-12-14 17:21:05,A little busy
"4.0 (4,227)","https://www.google.it/maps/place/McDonald's+Dossobuono/@45.389607,10.9007287,17z/data=!4m6!3m5!1s0x4781e089d18461af:0x1eed8b83b934aa4c!8m2!3d45.389607!4d10.9033036!16s%2Fg%2F11cs39j4gr?entry=ttu&g_ep=EgoyMDI1MDQzMC4xIKXMDSoASAFQAw%3D%3D",2025-12-14 18:34:38,Less busy than usual
"4.0 (4,227)","https://www.google.it/maps/place/McDonald's+Dossobuono/@45.389607,10.9007287,17z/data=!4m6!3m5!1s0x4781e089d18461af:0x1eed8b83b934aa4c!8m2!3d45.389607!4d10.9033036!16s%2Fg%2F11cs39j4gr?entry=ttu&g_ep=EgoyMDI1MDQzMC4xIKXMDSoASAFQAw%3D%3D",2025-12-14 18:53:35,Less busy than usual
"4.0 (4,227)","https://www.google.it/maps/place/McDonald's+Dossobuono/@45.389607,10.9007287,17z/data=!4m6!3m5!1s0x4781e089d18461af:0x1eed8b83b934aa4c!8m2!3d45.389607!4d10.9033036!16s%2Fg%2F11cs39j4gr?entry=ttu&g_ep=EgoyMDI1MDQzMC4xIKXMDSoASAFQAw%3D%3D",2025-12-14 19:48:14,Less busy than usual
"4.0 (4,227)","https://www.google.it/maps/place/McDonald's+Dossobuono/@45.389607,10.9007287,17z/data=!4m6!3m5!1s0x4781e089d18461af:0x1eed8b83b934aa4c!8m2!3d45.389607!4d10.9033036!16s%2Fg%2F11cs39j4gr?entry=ttu&g_ep=EgoyMDI1MDQzMC4xIKXMDSoASAFQAw%3D%3D",2025-12-14 20:27:17,A little busy
"4.0 (4,227)","https://www.google.it/maps/place/McDonald's+Dossobuono/@45.389607,10.9007287,17z/data=!4m6!3m5!1s0x4781e089d18461af:0x1eed8b83b934aa4c!8m2!3d45.389607!4d10.9033036!16s%2Fg%2F11cs39j4gr?entry=ttu&g_ep=EgoyMDI1MDQzMC4xIKXMDSoASAFQAw%3D%3D",2025-12-14 20:50:22,A little busy
"4.0 (4,227)","https://www.google.it/maps/place/McDonald's+Dossobuono/@45.389607,10.9007287,17z/data=!4m6!3m5!1s0x4781e089d18461af:0x1eed8b83b934aa4c!8m2!3d45.389607!4d10.9033036!16s%2Fg%2F11cs39j4gr?entry=ttu&g_ep=EgoyMDI1MDQzMC4xIKXMDSoASAFQAw%3D%3D",2025-12-14 21:47:37,A little busy
"4.0 (4,227)","https://www.google.it/maps/place/McDonald's+Dossobuono/@45.389607,10.9007287,17z/data=!4m6!3m5!1s0x4781e089d18461af:0x1eed8b83b934aa4c!8m2!3d45.389607!4d10.9033036!16s%2Fg%2F11cs39j4gr?entry=ttu&g_ep=EgoyMDI1MDQzMC4xIKXMDSoASAFQAw%3D%3D",2025-12-14 22:23:46,Not too busy
"4.0 (4,227)","https://www.google.it/maps/place/McDonald's+Dossobuono/@45.389607,10.9007287,17z/data=!4m6!3m5!1s0x4781e089d18461af:0x1eed8b83b934aa4c!8m2!3d45.389607!4d10.9033036!16s%2Fg%2F11cs39j4gr?entry=ttu&g_ep=EgoyMDI1MDQzMC4xIKXMDSoASAFQAw%3D%3D",2025-12-14 22:48:45,Not too busy
"4.0 (4,227)","https://www.google.it/maps/place/McDonald's+Dossobuono/@45.389607,10.9007287,17z/data=!4m6!3m5!1s0x4781e089d18461af:0x1eed8b83b934aa4c!8m2!3d45.389607!4d10.9033036!16s%2Fg%2F11cs39j4gr?entry=ttu&g_ep=EgoyMDI1MDQzMC4xIKXMDSoASAFQAw%3D%3D",2025-12-14 23:23:07,Not busy
"4.0 (4,227)","https://www.google.it/maps/place/McDonald's+Dossobuono/@45.389607,10.9007287,17z/data=!4m6!3m5!1s0x4781e089d18461af:0x1eed8b83b934aa4c!8m2!3d45.389607!4d10.9033036!16s%2Fg%2F11cs39j4gr?entry=ttu&g_ep=EgoyMDI1MDQzMC4xIKXMDSoASAFQAw%3D%3D",2025-12-15 06:42:37,Not busy
"4.0 (4,227)","https://www.google.it/maps/place/McDonald's+Dossobuono/@45.389607,10.9007287,17z/data=!4m6!3m5!1s0x4781e089d18461af:0x1eed8b83b934aa4c!8m2!3d45.389607!4d10.9033036!16s%2Fg%2F11cs39j4gr?entry=ttu&g_ep=EgoyMDI1MDQzMC4xIKXMDSoASAFQAw%3D%3D",2025-12-15 07:29:17,Not too busy
"4.0 (4,227)","https://www.google.it/maps/place/McDonald's+Dossobuono/@45.389607,10.9007287,17z/data=!4m6!3m5!1s0x4781e089d18461af:0x1eed8b83b934aa4c!8m2!3d45.389607!4d10.9033036!16s%2Fg%2F11cs39j4gr?entry=ttu&g_ep=EgoyMDI1MDQzMC4xIKXMDSoASAFQAw%3D%3D",2025-12-15 07:51:33,Not too busy
"4.0 (4,227)","https://www.google.it/maps/place/McDonald's+Dossobuono/@45.389607,10.9007287,17z/data=!4m6!3m5!1s0x4781e089d18461af:0x1eed8b83b934aa4c!8m2!3d45.389607!4d10.9033036!16s%2Fg%2F11cs39j4gr?entry=ttu&g_ep=EgoyMDI1MDQzMC4xIKXMDSoASAFQAw%3D%3D",2025-12-15 10:33:11,Not too busy
"4.0 (4,227)","https://www.google.it/maps/place/McDonald's+Dossobuono/@45.389607,10.9007287,17z/data=!4m6!3m5!1s0x4781e089d18461af:0x1eed8b83b934aa4c!8m2!3d45.389607!4d10.9033036!16s%2Fg%2F11cs39j4gr?entry=ttu&g_ep=EgoyMDI1MDQzMC4xIKXMDSoASAFQAw%3D%3D",2025-12-15 10:56:50,Not too busy
"4.0 (4,227)","https://www.google.it/maps/place/McDonald's+Dossobuono/@45.389607,10.9007287,17z/data=!4m6!3m5!1s0x4781e089d18461af:0x1eed8b83b934aa4c!8m2!3d45.389607!4d10.9033036!16s%2Fg%2F11cs39j4gr?entry=ttu&g_ep=EgoyMDI1MDQzMC4xIKXMDSoASAFQAw%3D%3D",2025-12-15 11:27:33,Less busy than usual
"4.0 (4,227)","https://www.google.it/maps/place/McDonald's+Dossobuono/@45.389607,10.9007287,17z/data=!4m6!3m5!1s0x4781e089d18461af:0x1eed8b83b934aa4c!8m2!3d45.389607!4d10.9033036!16s%2Fg%2F11cs39j4gr?entry=ttu&g_ep=EgoyMDI1MDQzMC4xIKXMDSoASAFQAw%3D%3D",2025-12-15 11:49:36,Less busy than usual
"4.0 (4,227)","https://www.google.it/maps/place/McDonald's+Dossobuono/@45.389607,10.9007287,17z/data=!4m6!3m5!1s0x4781e089d18461af:0x1eed8b83b934aa4c!8m2!3d45.389607!4d10.9033036!16s%2Fg%2F11cs39j4gr?entry=ttu&g_ep=EgoyMDI1MDQzMC4xIKXMDSoASAFQAw%3D%3D",2025-12-15 14:31:21,A little busy
"4.0 (4,227)","https://www.google.it/maps/place/McDonald's+Dossobuono/@45.389607,10.9007287,17z/data=!4m6!3m5!1s0x4781e089d18461af:0x1eed8b83b934aa4c!8m2!3d45.389607!4d10.9033036!16s%2Fg%2F11cs39j4gr?entry=ttu&g_ep=EgoyMDI1MDQzMC4xIKXMDSoASAFQAw%3D%3D",2025-12-15 14:58:30,A little busy
"4.0 (4,227)","https://www.google.it/maps/place/McDonald's+Dossobuono/@45.389607,10.9007287,17z/data=!4m6!3m5!1s0x4781e089d18461af:0x1eed8b83b934aa4c!8m2!3d45.389607!4d10.9033036!16s%2Fg%2F11cs39j4gr?entry=ttu&g_ep=EgoyMDI1MDQzMC4xIKXMDSoASAFQAw%3D%3D",2025-12-15 15:34:11,Busier than usual
"4.0 (4,227)","https://www.google.it/maps/place/McDonald's+Dossobuono/@45.389607,10.9007287,17z/data=!4m6!3m5!1s0x4781e089d18461af:0x1eed8b83b934aa4c!8m2!3d45.389607!4d10.9033036!16s%2Fg%2F11cs39j4gr?entry=ttu&g_ep=EgoyMDI1MDQzMC4xIKXMDSoASAFQAw%3D%3D",2025-12-15 15:55:59,Busier than usual
